,id,tsunami,felt,time,latitude,longitude,depth,mag,magType,gap,net,updated,place,type,locationSource
0,ci40014592,0,1.0,2021-08-18T21:57:15.190Z,33.0705,-115.9466667,7.37,1.57,ml,37.0,ci,2021-08-18T22:57:59.267Z,"19km ESE of Ocotillo Wells, CA",earthquake,ci
1,ci40014576,0,7.0,2021-08-18T21:50:22.940Z,33.0748333,-115.9675,3.84,3.84,mw,29.0,ci,2021-08-18T23:52:47.436Z,"17km ESE of Ocotillo Wells, CA",earthquake,ci
2,us6000f843,0,0.0,2021-08-18T21:49:57.136Z,-59.7093,-26.3693,38.08,5.9,mww,46.0,us,2021-08-18T23:53:58.675Z,South Sandwich Islands region,earthquake,us
3,hv72653902,0,1.0,2021-08-18T21:46:14.940Z,19.216833114624,-155.411666870117,31.3600006103516,2.13,ml,143.0,hv,2021-08-18T21:58:16.291Z,"7 km ENE of Pāhala, Hawaii",earthquake,hv
4,ci40014560,0,40.0,2021-08-18T21:45:14.590Z,33.0733333,-115.9598333,7.07,3.98,mw,21.0,ci,2021-08-19T02:58:25.719Z,"18km ESE of Ocotillo Wells, CA",earthquake,ci
5,hv72653867,0,1.0,2021-08-18T21:22:47.860Z,19.4008331298828,-155.248001098633,-0.330000013113022,2.36,ml,118.0,hv,2021-08-19T01:53:10.276Z,"4 km SSW of Volcano, Hawaii",earthquake,hv
6,nm60353867,0,1.0,2021-08-18T21:09:17.820Z,36.1329994,-89.3974991,6.73,2.05,md,103.0,nm,2021-08-18T23:51:01.796Z,"10 km N of Dyersburg, Tennessee",earthquake,nm
7,us6000f82q,0,16.0,2021-08-18T19:19:56.002Z,42.5259,-70.9202,5.0,1.3,ml,208.0,us,2021-08-19T00:40:53.510Z,"0 km ESE of Peabody, Massachusetts",earthquake,us
8,ci40014256,0,1.0,2021-08-18T18:01:01.120Z,33.0733333,-115.9581667,3.61,2.8,ml,24.0,ci,2021-08-18T18:55:20.839Z,"18km ESE of Ocotillo Wells, CA",earthquake,ci
9,us6000f7zs,0,3.0,2021-08-18T15:44:25.829Z,-19.527,-69.8412,57.31,4.0,mb,136.0,us,2021-08-18T22:57:18.484Z,"82 km NNE of Iquique, Chile",earthquake,us
10,us6000f7xk,0,1.0,2021-08-18T12:36:03.581Z,5.0575,-76.3115,88.41,4.4,mb,84.0,us,2021-08-18T13:07:32.308Z,"19 km NNW of San José del Palmar, Colombia",earthquake,us
11,hv72652947,0,0.0,2021-08-18T12:08:48.650Z,19.2216663360596,-155.395172119141,32.2099990844727,1.83000004,md,158.0,hv,2021-08-18T12:18:24.974Z,"9 km ENE of Pāhala, Hawaii",earthquake,hv
12,hv72652942,0,1.0,2021-08-18T12:04:54.150Z,19.2198333333333,-155.395333333333,32.95,2.8,md,150.0,hv,2021-08-18T20:16:30.487Z,"8 km ENE of Pāhala, Hawaii",earthquake,hv
13,hv72652937,0,56.0,2021-08-18T12:01:58.880Z,19.2143333333333,-155.393333333333,32.85,4.06,ml,161.0,hv,2021-08-19T00:18:26.701Z,"9 km E of Pāhala, Hawaii",earthquake,hv
14,us6000f7vg,1,10.0,2021-08-18T10:10:04.961Z,-14.8584,167.1048,89.45,6.9,mww,31.0,us,2021-08-18T17:29:17.205Z,"20 km N of Port-Olry, Vanuatu",earthquake,us
15,us6000f7vd,0,2.0,2021-08-18T09:44:09.084Z,29.6533,141.378,46.66,5.3,mb,63.0,us,2021-08-18T21:30:24.495Z,"Izu Islands, Japan region",earthquake,us
16,us6000f7ru,0,4.0,2021-08-18T00:28:38.185Z,45.3535,-126.8057,10.0,3.1,ml,134.0,us,2021-08-18T22:59:26.777Z,"222 km W of Oceanside, Oregon",earthquake,us
17,ci39776039,0,0.0,2021-08-17T21:32:36.340Z,34.1408333,-117.4398333,7.2,1.54,ml,54.0,ci,2021-08-18T00:21:11.990Z,"5km NNE of Fontana, CA",earthquake,ci
18,nc73611326,0,8.0,2021-08-17T21:14:22.750Z,36.7283325,-121.3921661,1.72,2.95,md,57.0,nc,2021-08-18T14:06:21.629Z,"9km SW of Tres Pinos, CA",earthquake,nc
19,us6000f7ki,0,2.0,2021-08-17T17:24:47.213Z,-23.2175,-176.9563,139.07,5.8,mww,33.0,us,2021-08-18T21:19:20.040Z,"289 km SW of Vaini, Tonga",earthquake,us
20,us6000f7mh,0,1.0,2021-08-17T17:11:11.898Z,52.9206,-167.8826,43.65,4.5,mb,137.0,us,2021-08-17T18:59:13.452Z,"65 km E of Nikolski, Alaska",earthquake,us
21,us6000f7kd,0,0.0,2021-08-17T17:10:50.096Z,52.8177,-167.6096,44.45,4.0,mb,169.0,us,2021-08-17T18:59:52.477Z,"85 km E of Nikolski, Alaska",earthquake,us
22,uw61759052,0,3.0,2021-08-17T16:49:39.490Z,47.5795,-122.581333333333,24.0,2.2,ml,37.0,uw,2021-08-18T18:27:26.266Z,"1 km ESE of Enetai, Washington",earthquake,uw
23,ok2021qbvc,0,1.0,2021-08-17T16:25:48.380Z,36.24433333,-95.82566667,0.0,1.37,ml,152.0,ok,2021-08-17T16:44:22.473Z,"3 km SE of Owasso, Oklahoma",quarry blast,ok
24,us6000f7jj,0,1.0,2021-08-17T15:32:24.639Z,24.6866,94.4735,59.68,4.9,mb,40.0,us,2021-08-17T16:05:39.957Z,"42 km ENE of Wāngjing, India",earthquake,us
25,se60353657,0,1143.0,2021-08-17T13:19:28.950Z,35.8048333,-81.6848333,5.6,2.65,md,48.0,se,2021-08-19T00:27:28.522Z,"6 km N of Morganton, North Carolina",earthquake,se
26,ci39775439,0,2.0,2021-08-17T12:07:07.640Z,34.0873333,-118.2583333,6.74,1.36,ml,142.0,ci,2021-08-17T17:02:29.146Z,"1km SE of Silver Lake, CA",earthquake,ci
27,nn00818878,0,1.0,2021-08-17T12:03:10.932Z,37.2717,-117.4971,6.4,2.8,ml,58.2,nn,2021-08-18T00:40:26.864Z,"53 km SSW of Goldfield, Nevada",earthquake,nn
28,nc73611096,0,5.0,2021-08-17T10:09:46.540Z,36.4586667,-120.497,15.64,3.03,ml,103.0,nc,2021-08-18T19:11:14.850Z,"16km ENE of New Idria, CA",earthquake,nc
29,nn00818862,0,1.0,2021-08-17T07:25:53.319Z,38.5274,-119.466,2.0,1.1,ml,73.94,nn,2021-08-17T09:12:27.018Z,"1 km NE of Walker, California",earthquake,nn
30,nc73610866,0,2.0,2021-08-17T06:06:43.780Z,36.607666,-121.2064972,2.22,2.47,md,117.0,nc,2021-08-17T14:20:42.990Z,"10km NNW of Pinnacles, CA",earthquake,nc
31,us6000f7fi,0,6.0,2021-08-17T04:53:38.389Z,-19.7767,-69.9689,46.6,3.3,ml,178.0,us,2021-08-18T03:12:02.804Z,"51 km NNE of Iquique, Chile",earthquake,us
32,nc73610856,0,1.0,2021-08-17T04:40:21.950Z,38.8121681,-122.819664,2.71,1.23,md,59.0,nc,2021-08-17T04:45:19.637Z,"7km NW of The Geysers, CA",earthquake,nc
33,us6000f7fb,0,2.0,2021-08-17T04:19:55.424Z,42.731,-107.7482,19.46,3.0,ml,85.0,us,2021-08-18T16:43:22.036Z,"27 km NNE of Jeffrey City, Wyoming",earthquake,us
34,us6000f7dp,0,44.0,2021-08-16T23:58:56.316Z,45.4381,16.277,10.0,4.6,mb,21.0,us,2021-08-17T19:55:18.057Z,"1 km W of Petrinja, Croatia",earthquake,us
35,hv72649667,0,2.0,2021-08-16T21:19:17.020Z,19.2261666666667,-155.4205,33.39,3.12,ml,133.0,hv,2021-08-17T15:24:28.811Z,"6 km ENE of Pāhala, Hawaii",earthquake,hv
36,us6000f784,0,19.0,2021-08-16T21:15:39.288Z,47.4603,12.0952,10.0,3.8,ml,40.0,us,2021-08-17T12:39:13.328Z,"1 km NE of Niederau, Austria",earthquake,us
37,nc73610771,0,5.0,2021-08-16T19:59:41.810Z,38.5426674,-122.3178329,-0.22,2.53,md,46.0,nc,2021-08-17T05:03:23.890Z,"12km ESE of Angwin, CA",earthquake,nc
38,ci39774959,0,1.0,2021-08-16T19:23:42.600Z,33.845,-117.4963333,2.31,0.95,ml,71.0,ci,2021-08-16T21:11:53.363Z,"4km SSE of Home Gardens, CA",quarry blast,ci
39,ci39774951,0,38.0,2021-08-16T18:59:38.390Z,34.14,-116.443,4.38,3.06,ml,18.0,ci,2021-08-19T02:35:23.253Z,"3km NNW of Yucca Valley, CA",earthquake,ci
40,hv72649097,0,1.0,2021-08-16T16:57:54.400Z,19.0303325653076,-155.52082824707,39.2999992370605,2.06,ml,199.0,hv,2021-08-16T17:08:41.727Z,"7 km ESE of Naalehu, Hawaii",earthquake,hv
41,us6000f732,0,0.0,2021-08-16T16:35:08.074Z,-16.0393,167.8864,161.2,5.1,mww,57.0,us,2021-08-18T10:28:18.491Z,"50 km E of Lakatoro, Vanuatu",earthquake,us
42,hv72648912,0,1.0,2021-08-16T14:23:15.480Z,19.218334197998,-155.394836425781,32.0499992370605,2.01,ml,152.0,hv,2021-08-16T14:30:16.239Z,"8 km E of Pāhala, Hawaii",earthquake,hv
43,hv72648907,0,1.0,2021-08-16T14:18:13.900Z,19.2520008087158,-155.431503295898,32.5900001525879,1.75,md,83.0,hv,2021-08-16T14:28:09.919Z,"7 km NE of Pāhala, Hawaii",earthquake,hv
44,us6000f6ys,0,3.0,2021-08-16T13:13:03.664Z,-4.3543,82.2516,10.0,5.0,mb,56.0,us,2021-08-16T15:40:25.439Z,South Indian Ocean,earthquake,us
45,us6000f6ye,0,3.0,2021-08-16T12:32:32.737Z,41.5911,131.3764,549.97,4.3,mb,38.0,us,2021-08-16T23:24:23.623Z,"113 km SE of Ungsang-nodongjagu, North Korea",earthquake,us
46,us6000f6wt,1,3.0,2021-08-16T11:10:36.137Z,-58.3645,-23.3384,13.95,6.9,mww,28.0,us,2021-08-17T11:15:28.555Z,South Sandwich Islands region,earthquake,us
47,tx2021pzlv,0,11.0,2021-08-16T09:25:06.619Z,32.11761475,-102.1707079,7.801066081,2.8,ml,49.0,tx,2021-08-16T22:06:00.037Z,"15 km NNW of Midland, Texas",earthquake,tx
48,us6000f6v0,0,5.0,2021-08-16T07:00:10.001Z,-23.7701,-69.8728,61.32,5.0,mb,80.0,us,2021-08-18T02:12:03.040Z,"54 km ESE of Antofagasta, Chile",earthquake,us
49,us6000f6ux,0,1.0,2021-08-16T06:50:03.077Z,-4.9942,-80.702,50.35,4.6,mb,124.0,us,2021-08-17T03:41:16.453Z,"8 km SSE of Nuevo Sullana, Peru",earthquake,us
50,nc73610596,0,1.0,2021-08-16T05:44:17.350Z,39.496,-122.9411667,7.22,1.64,md,58.0,nc,2021-08-18T05:38:35.570Z,"10km N of Lake Pillsbury, CA",earthquake,nc
51,us6000f6tt,0,1.0,2021-08-16T05:31:37.974Z,37.5005,22.0621,10.0,4.3,mb,71.0,us,2021-08-16T09:08:16.116Z,"10 km S of Dimitsána, Greece",earthquake,us
52,nc73610586,0,3.0,2021-08-16T05:03:11.890Z,35.8829994,-120.42733,5.53,2.69,md,39.0,nc,2021-08-16T18:52:12.487Z,"2km SSE of Parkfield, CA",earthquake,nc
53,nc73610581,0,1.0,2021-08-16T04:54:35.450Z,39.4986667,-122.948,9.76,2.86,ml,42.0,nc,2021-08-17T06:26:12.683Z,"10km N of Lake Pillsbury, CA",earthquake,nc
54,ok2021pzaz,0,2.0,2021-08-16T03:56:04.389Z,35.1275,-95.3725,6.63,2.6,ml,72.0,ok,2021-08-17T03:03:11.040Z,"0 km NNW of Quinton, Oklahoma",earthquake,ok
55,us6000f6st,0,1.0,2021-08-16T02:29:48.232Z,-23.7216,30.5582,5.0,3.3,mb_lg,265.0,us,2021-08-17T07:12:30.236Z,"33 km ENE of Nkowakowa, South Africa",earthquake,us
56,us6000f6s8,0,27.0,2021-08-16T01:44:05.968Z,41.2081,43.9815,10.0,5.0,mb,48.0,us,2021-08-18T11:53:16.317Z,"20 km W of Metsavan, Armenia",earthquake,us
57,pr2021228000,0,1.0,2021-08-16T01:33:40.550Z,17.9775,-66.7873,17.0,2.56,md,179.0,pr,2021-08-16T06:14:16.458Z,"3 km ESE of Indios, Puerto Rico",earthquake,pr
58,nc73610536,0,1.0,2021-08-16T01:06:43.950Z,38.4916649,-122.2633362,3.71,2.43,md,91.0,nc,2021-08-16T01:30:20.111Z,"13km NE of Yountville, CA",earthquake,nc
59,ci39774263,0,2.0,2021-08-15T23:36:25.310Z,34.0851667,-117.7908333,12.2,1.09,ml,94.0,ci,2021-08-16T16:15:37.269Z,"3km SW of La Verne, CA",earthquake,ci
60,us6000f6pd,0,7.0,2021-08-15T20:03:13.948Z,35.4725,136.3694,10.0,4.3,mb,113.0,us,2021-08-16T13:36:18.543Z,"13 km NE of Nagahama, Japan",earthquake,us
61,us6000f6m7,0,2.0,2021-08-15T15:48:24.679Z,-21.3276,-68.708,110.11,4.5,mb,43.0,us,2021-08-16T07:10:11.329Z,"126 km N of Calama, Chile",earthquake,us
62,nc73610371,0,10.0,2021-08-15T15:33:10.690Z,38.8771667,-122.722168,2.51,2.52,md,57.0,nc,2021-08-15T22:08:07.285Z,"6km N of Cobb, CA",earthquake,nc
63,us6000f6m4,0,1.0,2021-08-15T15:15:01.293Z,16.7925,-100.3237,12.42,4.3,mb,213.0,us,2021-08-16T12:30:15.419Z,"27 km SSW of El Papayo, Mexico",earthquake,us
64,tx2021pybe,0,1.0,2021-08-15T14:56:21.873Z,32.07401474,-103.7116181,7.828295898,3.2,ml,48.0,tx,2021-08-16T18:12:36.141Z,"37 km ESE of Malaga, New Mexico",earthquake,tx
65,us6000f6kw,0,1.0,2021-08-15T12:05:43.506Z,18.4762,-73.7504,10.0,4.7,mb,42.0,us,2021-08-15T18:31:44.040Z,"11 km W of Baradères, Haiti",earthquake,us
66,us6000f6j4,0,1.0,2021-08-15T10:41:11.885Z,37.493,70.1318,10.0,5.1,mww,66.0,us,2021-08-15T12:33:22.258Z,"40 km ESE of Chubek, Tajikistan",earthquake,us
67,us6000f6h4,0,1.0,2021-08-15T07:01:42.341Z,18.5103,-73.6685,12.96,4.0,mb,75.0,us,2021-08-15T14:08:26.180Z,"4 km NW of Baradères, Haiti",earthquake,us
68,us6000f6ge,0,5.0,2021-08-15T05:40:02.863Z,-3.6826,-77.0848,95.58,5.4,mww,99.0,us,2021-08-16T05:43:07.568Z,"75 km WSW of Alianza Cristiana, Peru",earthquake,us
69,us6000f6g7,0,12.0,2021-08-15T05:06:04.990Z,39.3209,-76.7279,4.8,1.7,ml,147.0,us,2021-08-17T02:35:12.129Z,"0 km S of Woodlawn, Maryland",earthquake,us
70,ci39773895,0,2.0,2021-08-15T05:05:42.520Z,33.816,-116.5848333,14.56,1.23,ml,41.0,ci,2021-08-15T13:47:51.400Z,"5km W of Palm Springs, CA",earthquake,ci
71,pr2021227002,0,25.0,2021-08-15T03:39:50.010Z,17.8511,-66.886,7.0,4.08,ml,225.0,pr,2021-08-16T03:43:37.141Z,"13 km S of Guánica, Puerto Rico",earthquake,pr
72,us6000f6ez,0,11.0,2021-08-15T03:20:45.674Z,18.3711,-74.0992,12.04,5.8,mww,34.0,us,2021-08-17T18:04:19.047Z,"12 km NNE of Chardonnière, Haiti",earthquake,us
73,us6000f6el,0,8.0,2021-08-15T02:37:53.046Z,18.5997,-73.5811,10.0,5.0,mww,28.0,us,2021-08-15T18:24:32.040Z,"11 km NW of Petit Trou de Nippes, Haiti",earthquake,us
74,hv72645942,0,1.0,2021-08-15T00:44:39.120Z,19.2150001525879,-155.398162841797,31.6599998474121,2.1,ml,152.0,hv,2021-08-15T00:50:39.982Z,"8 km E of Pāhala, Hawaii",earthquake,hv
75,hv72645832,0,47.0,2021-08-14T23:42:54.160Z,19.1855,-155.464166666667,35.69,3.87,ml,104.0,hv,2021-08-18T21:23:21.433Z,"2 km SE of Pāhala, Hawaii",earthquake,hv
76,hv72645827,0,0.0,2021-08-14T23:37:15.200Z,19.5096666666667,-155.7665,8.08,1.94,md,103.0,hv,2021-08-18T01:08:56.860Z,"11 km ENE of Honaunau-Napoopoo, Hawaii",earthquake,hv
77,ci39773815,0,1.0,2021-08-14T23:28:31.220Z,35.6808333,-117.5371667,8.51,1.47,ml,93.0,ci,2021-08-15T13:52:40.407Z,"14km ENE of Ridgecrest, CA",earthquake,ci
78,hv72645677,0,0.0,2021-08-14T22:11:23.740Z,19.1841659545898,-155.45849609375,33.2200012207031,2.07,ml,117.0,hv,2021-08-14T23:54:34.902Z,"2 km SE of Pāhala, Hawaii",earthquake,hv
79,us6000f6cc,0,1.0,2021-08-14T22:10:53.790Z,18.4717,-74.0298,10.0,4.1,mb,79.0,us,2021-08-15T03:01:41.661Z,"18 km SW of Corail, Haiti",earthquake,us
80,us6000f6av,0,2.0,2021-08-14T19:48:07.198Z,-31.0858,-68.5932,110.03,4.6,mb,46.0,us,2021-08-14T23:49:42.348Z,"39 km NNW of San Martín, Argentina",earthquake,us
81,us6000f69y,0,1.0,2021-08-14T18:41:21.495Z,-4.4113,102.5568,60.22,4.9,mb,84.0,us,2021-08-17T17:26:44.042Z,"74 km SSE of Bengkulu, Indonesia",earthquake,us
82,us6000f69k,0,2.0,2021-08-14T18:11:10.242Z,18.5737,-73.6215,8.03,5.2,mwr,42.0,us,2021-08-17T16:23:21.790Z,"10 km N of Baradères, Haiti",earthquake,us
83,us6000f69c,0,2.0,2021-08-14T17:44:54.130Z,37.0385,-97.8454,11.89,3.0,mb_lg,58.0,us,2021-08-18T15:41:27.657Z,"4 km SSE of Bluff City, Kansas",earthquake,us
84,us6000f691,0,1.0,2021-08-14T17:05:18.741Z,18.4599,-73.6019,5.64,4.9,mwr,58.0,us,2021-08-16T16:19:30.425Z,"4 km ESE of Baradères, Haiti",earthquake,us
85,ok2021pwih,0,1.0,2021-08-14T16:13:30.884Z,35.07170868,-98.09099579,8.633991241,2.1,ml,158.4591675,ok,2021-08-14T16:19:13.860Z,"1 km SSW of Verden, Oklahoma",earthquake,ok
86,us6000f67i,0,1.0,2021-08-14T16:08:03.225Z,18.5398,-73.7125,10.0,5.1,mb,92.0,us,2021-08-15T18:26:46.040Z,"10 km NW of Baradères, Haiti",earthquake,us
87,us6000f66w,0,1.0,2021-08-14T14:55:01.272Z,55.0356,-157.6036,10.0,3.3,ml,215.0,us,2021-08-14T18:46:03.350Z,"137 km SE of Perryville, Alaska",earthquake,us
88,us6000f667,0,1.0,2021-08-14T13:14:56.014Z,18.2706,-73.431,10.0,4.4,mb,78.0,us,2021-08-14T14:51:20.881Z,"4 km WSW of Aquin, Haiti",earthquake,us
89,us6000f65w,0,1.0,2021-08-14T13:14:12.969Z,18.4531,-73.4612,11.04,4.1,mb,72.0,us,2021-08-15T05:42:16.569Z,"9 km SSE of Petit Trou de Nippes, Haiti",earthquake,us
90,us6000f65p,0,9.0,2021-08-14T12:49:33.454Z,18.3887,-73.8245,10.81,5.2,mb,71.0,us,2021-08-14T15:51:16.476Z,"20 km WNW of Cavaillon, Haiti",earthquake,us
91,us6000f65h,1,346.0,2021-08-14T12:29:08.422Z,18.4079,-73.4753,10.0,7.2,mww,23.0,us,2021-08-19T01:04:42.892Z,"Nippes, Haiti",earthquake,us
92,nn00818638,0,1.0,2021-08-14T12:20:22.773Z,38.5478,-119.5288,7.4,2.0,ml,67.41,nn,2021-08-16T18:01:05.070Z,"2 km SW of Coleville, California",earthquake,nn
93,nc71124899,0,2.0,2021-08-14T12:13:49.220Z,38.546,-119.4586667,2.79,1.56,md,73.0,nc,2021-08-16T18:12:52.516Z,"28km SSW of Smith Valley, NV",earthquake,nc
94,us6000f652,1,11.0,2021-08-14T11:57:43.715Z,55.2228,-157.6891,21.43,6.9,mww,56.0,us,2021-08-18T08:53:43.008Z,"119 km SE of Perryville, Alaska",earthquake,us
95,us6000f64y,0,2.0,2021-08-14T11:31:22.777Z,17.9486,-67.1651,10.0,2.6,ml,268.0,us,2021-08-14T11:50:20.487Z,"3 km SE of Pole Ojea, Puerto Rico",earthquake,us
96,us6000f64s,0,1.0,2021-08-14T10:30:42.405Z,9.8327,125.8959,71.32,4.9,mb,71.0,us,2021-08-14T11:39:51.906Z,"9 km WSW of Del Carmen, Surigao del Norte, Philippines",earthquake,us
97,tx2021pvsn,0,4.0,2021-08-14T08:14:28.207Z,32.11578369,-102.1535585,6.773966471,2.7,ml,55.0,tx,2021-08-16T17:59:20.203Z,"14 km NNW of Midland, Texas",earthquake,tx
98,hv72644447,0,1.0,2021-08-14T07:49:07.870Z,19.1811676025391,-155.490005493164,33.7400016784668,1.96000004,md,78.0,hv,2021-08-14T08:23:51.932Z,"2 km SSW of Pāhala, Hawaii",earthquake,hv
99,nc73609926,0,5.0,2021-08-14T05:12:29.200Z,36.5983315,-121.1978302,4.7,2.78,md,50.0,nc,2021-08-14T20:52:18.800Z,"9km NNW of Pinnacles, CA",earthquake,nc
100,nc73609906,0,1.0,2021-08-14T03:47:21.350Z,36.6176682,-121.1768341,6.72,2.6,md,54.0,nc,2021-08-14T04:37:58.627Z,"10km NNW of Pinnacles, CA",earthquake,nc
101,ci39773287,0,0.0,2021-08-14T02:39:27.610Z,34.7178333,-120.7011667,-0.16,1.45,ml,250.0,ci,2021-08-15T15:23:35.321Z,"17km WSW of Vandenberg Air Force Base, CA",earthquake,ci
102,pr2021226002,0,1.0,2021-08-14T02:17:34.790Z,17.9413,-66.3366,4.0,3.21,md,190.0,pr,2021-08-14T04:59:50.331Z,"4 km SE of Jauca, Puerto Rico",earthquake,pr
103,pr2021226001,0,1.0,2021-08-14T02:01:56.680Z,17.9486,-66.3308,7.0,3.23,md,187.0,pr,2021-08-14T03:19:26.269Z,"4 km SSW of Las Ochenta, Puerto Rico",earthquake,pr
104,us6000f5z0,0,1.0,2021-08-14T01:54:55.004Z,56.1236,-149.6575,10.0,2.9,ml,246.0,us,2021-08-14T02:45:05.854Z,"230 km SE of Chiniak, Alaska",earthquake,us
105,hv72643697,0,30.0,2021-08-13T23:18:44.160Z,20.4153333333333,-156.4155,1.35,2.84,ml,149.0,hv,2021-08-18T20:58:53.277Z,"26 km S of Mākena, Hawaii",earthquake,hv
106,us6000f5xv,0,1.0,2021-08-13T22:44:50.405Z,44.2731,-115.1842,10.0,2.8,ml,67.0,us,2021-08-16T16:16:31.650Z,southern Idaho,earthquake,us
107,uw61766396,0,3.0,2021-08-13T21:25:07.330Z,48.492,-123.394,23.66,2.34,ml,64.0,uw,2021-08-17T04:07:08.790Z,"6 km NE of Six Mile, Canada",earthquake,uw
108,us6000f5tm,0,5.0,2021-08-13T19:03:52.362Z,-1.5788,-80.9083,37.23,5.0,mww,108.0,us,2021-08-14T18:56:37.811Z,"44 km SW of Jipijapa, Ecuador",earthquake,us
109,us6000f5tb,0,5.0,2021-08-13T19:02:44.838Z,-19.861,-70.0836,59.16,4.3,mb,162.0,us,2021-08-14T18:57:12.365Z,"39 km N of Iquique, Chile",earthquake,us
110,us6000f5ta,0,1.0,2021-08-13T19:00:36.100Z,6.2122,127.0627,66.91,4.9,mb,44.0,us,2021-08-14T18:14:12.552Z,"99 km E of Pondaguitan, Philippines",earthquake,us
111,us6000f5t9,0,1.0,2021-08-13T18:59:37.119Z,-2.2804,-80.8734,44.47,4.7,mb,222.0,us,2021-08-15T21:24:27.819Z,"6 km SSW of Santa Elena, Ecuador",earthquake,us
112,ci39772719,0,1.0,2021-08-13T15:22:41.320Z,34.0,-116.8098333,15.63,1.22,ml,71.0,ci,2021-08-13T17:48:01.579Z,"9km NNW of Cabazon, CA",earthquake,ci
113,us6000f5na,0,31.0,2021-08-13T15:08:32.015Z,13.7104,120.8272,129.34,5.8,mww,46.0,us,2021-08-14T15:12:34.217Z,"6 km W of Bagalangit, Philippines",earthquake,us
114,us6000f5ld,0,1.0,2021-08-13T14:06:44.626Z,46.9142,-112.5072,12.2,2.2,ml,79.0,us,2021-08-14T12:15:39.741Z,"14 km ESE of Lincoln, Montana",earthquake,us
115,nc73609596,0,1.0,2021-08-13T13:08:24.300Z,39.6816667,-122.841,3.24,2.68,md,51.0,nc,2021-08-17T05:15:13.063Z,"10km WNW of Alder Springs, CA",earthquake,nc
116,nc73609571,0,1.0,2021-08-13T12:24:23.080Z,39.2768333,-122.7616667,-0.55,1.78,md,124.0,nc,2021-08-13T21:35:21.161Z,"18km NE of Upper Lake, CA",earthquake,nc
117,nn00818524,0,1.0,2021-08-13T11:51:42.431Z,38.5526,-119.5331,7.3,-0.2,ml,131.75,nn,2021-08-14T02:40:20.543Z,California-Nevada border region,earthquake,nn
118,ci39772479,0,1.0,2021-08-13T08:29:17.460Z,33.9631667,-117.5356667,3.21,0.58,ml,71.0,ci,2021-08-13T15:12:34.157Z,"4km SSW of Mira Loma, CA",earthquake,ci
119,nc73609491,0,2.0,2021-08-13T08:03:11.700Z,38.8264999,-122.8134995,1.96,1.85,md,39.0,nc,2021-08-13T15:44:07.811Z,"7km NW of The Geysers, CA",earthquake,nc
120,hv72642487,0,1.0,2021-08-13T07:56:51.390Z,19.0708332061768,-155.371170043945,33.189998626709,2.14,ml,205.0,hv,2021-08-13T08:06:51.512Z,"18 km SE of Pāhala, Hawaii",earthquake,hv
121,pr2021225004,0,1.0,2021-08-13T06:45:20.960Z,18.03,-66.6765,17.0,3.12,md,165.0,pr,2021-08-13T12:04:41.768Z,"3 km SE of Tallaboa Alta, Puerto Rico",earthquake,pr
122,ci39772431,0,1.0,2021-08-13T05:45:55.420Z,34.3875,-120.7971667,14.32,2.44,ml,227.0,ci,2021-08-14T06:17:24.934Z,"42km SW of Lompoc, CA",earthquake,ci
123,nn00818503,0,1.0,2021-08-13T04:59:59.421Z,38.1583,-118.1271,7.8,1.3,ml,103.38,nn,2021-08-14T02:39:16.032Z,"25 km S of Mina, Nevada",earthquake,nn
124,ok2021ptqi,0,2.0,2021-08-13T04:52:21.600Z,34.43633333,-95.65283333,25.24,2.09,ml,96.0,ok,2021-08-13T22:14:57.533Z,"22 km N of Antlers, Oklahoma",earthquake,ok
125,nc73609456,0,1.0,2021-08-13T04:11:17.500Z,40.3166656,-124.310997,24.33,2.35,md,231.0,nc,2021-08-13T04:32:12.598Z,"2km WSW of Petrolia, CA",earthquake,nc
126,ci39772343,0,1.0,2021-08-13T03:39:02.570Z,34.038,-117.271,15.26,1.02,ml,68.0,ci,2021-08-13T16:57:42.710Z,"2km SW of Loma Linda, CA",earthquake,ci
127,ci39772319,0,83.0,2021-08-13T03:15:07.620Z,34.084,-117.4911667,9.47,2.54,ml,13.0,ci,2021-08-14T21:26:26.040Z,"3km WSW of Fontana, CA",earthquake,ci
128,ok2021ptmd,0,48.0,2021-08-13T02:44:51.509Z,35.67416667,-97.422,7.15,2.09,ml,38.0,ok,2021-08-14T03:10:54.383Z,"5 km ENE of Edmond, Oklahoma",earthquake,ok
129,nc73609421,0,8.0,2021-08-13T02:33:41.620Z,38.5101667,-119.554,3.07,3.16,ml,74.0,nc,2021-08-15T13:26:18.975Z,"29km SE of Markleeville, CA",earthquake,nc
130,pr2021225000,0,3.0,2021-08-13T00:46:19.350Z,17.9551,-67.1241,9.0,3.36,md,237.0,pr,2021-08-13T01:37:46.040Z,"6 km ESE of Pole Ojea, Puerto Rico",earthquake,pr
131,pr2021224005,0,3.0,2021-08-12T23:33:55.420Z,18.4166,-66.0701,118.0,3.05,md,180.0,pr,2021-08-17T01:25:20.351Z,"5 km ESE of Cataño, Puerto Rico",earthquake,pr
132,pr2021224004,0,1.0,2021-08-12T23:17:17.600Z,17.9296,-67.0945,10.0,3.31,md,240.0,pr,2021-08-13T05:16:36.040Z,"7 km SW of La Parguera, Puerto Rico",earthquake,pr
133,us6000f4wv,0,1.0,2021-08-12T22:48:36.082Z,31.7575,-108.6505,5.0,3.3,ml,110.0,us,2021-08-12T23:37:58.806Z,"20 km SSW of Playas, New Mexico",earthquake,us
134,us6000f4uc,0,53.0,2021-08-12T21:25:11.929Z,37.1734,-3.7469,10.0,4.6,mb,87.0,us,2021-08-18T17:17:29.413Z,"3 km SW of Santafé, Spain",earthquake,us
135,us6000f4sh,0,9.0,2021-08-12T20:41:57.981Z,54.3264,86.97,14.83,5.0,mb,77.0,us,2021-08-13T15:28:42.064Z,"32 km ENE of Karagayla, Russia",earthquake,us
136,uw61766031,0,1.0,2021-08-12T20:20:34.270Z,47.8093333333333,-122.343833333333,26.62,1.94,ml,40.0,uw,2021-08-17T22:19:48.389Z,"2 km NNE of Esperance, Washington",earthquake,uw
137,us6000f4ql,0,1.0,2021-08-12T20:06:37.856Z,-58.5768,-25.0784,76.4,5.8,mb,45.0,us,2021-08-13T20:10:09.392Z,South Sandwich Islands region,earthquake,us
138,us6000f4p0,0,1.0,2021-08-12T19:34:31.450Z,-14.5473,-73.8058,90.25,4.9,mb,146.0,us,2021-08-12T21:04:55.986Z,"30 km NNE of Tambo, Peru",earthquake,us
139,us6000f53e,0,2.0,2021-08-12T18:35:20.339Z,-58.4157,-25.3206,48.25,8.1,mww,77.0,us,2021-08-14T00:50:47.811Z,South Sandwich Islands region,earthquake,us
140,us6000f4ly,1,3.0,2021-08-12T18:32:54.534Z,-57.5959,-25.1874,63.25,7.5,mww,51.0,us,2021-08-14T01:24:58.402Z,South Sandwich Islands region,earthquake,us
141,ci39771935,0,1.0,2021-08-12T17:07:59.070Z,35.7893333,-117.7516667,8.18,2.4,ml,40.0,ci,2021-08-12T18:53:39.430Z,"17km NNE of Inyokern, CA",earthquake,ci
142,hv72641017,0,1.0,2021-08-12T16:40:23.110Z,19.5256666666667,-156.13,5.35,2.52,ml,284.0,hv,2021-08-12T21:50:49.204Z,"Hawaii region, Hawaii",earthquake,hv
143,us6000f4k8,0,3.0,2021-08-12T15:53:28.471Z,6.2866,127.2927,10.0,5.7,mww,46.0,us,2021-08-13T14:35:32.139Z,Philippine Islands region,earthquake,us
144,us6000f4k6,0,2.0,2021-08-12T15:42:27.508Z,6.1073,127.1148,35.0,5.1,mww,107.0,us,2021-08-13T14:21:07.245Z,"107 km ESE of Pondaguitan, Philippines",earthquake,us
145,us6000f4ju,0,1.0,2021-08-12T14:54:21.301Z,6.0497,127.1159,65.0,4.7,mb,114.0,us,2021-08-12T16:04:41.049Z,"109 km ESE of Pondaguitan, Philippines",earthquake,us
146,uw61765856,0,4.0,2021-08-12T14:17:56.350Z,47.4825,-122.319,28.37,2.31,ml,34.0,uw,2021-08-18T00:33:29.757Z,"0 km SSW of Boulevard Park, Washington",earthquake,uw
147,ok2021psjx,0,3.0,2021-08-12T12:29:10.900Z,35.12283333,-95.34383333,7.35,2.84,ml,79.0,ok,2021-08-12T21:38:50.857Z,"2 km E of Quinton, Oklahoma",earthquake,ok
148,us6000f4h2,0,7.0,2021-08-12T11:36:11.797Z,34.9575,140.3257,71.78,4.5,mb,116.0,us,2021-08-14T08:20:09.052Z,"20 km S of Katsuura, Japan",earthquake,us
149,nc73609126,0,4.0,2021-08-12T11:35:39.240Z,39.5186667,-122.018,26.26,2.59,md,48.0,nc,2021-08-17T06:56:11.885Z,"15km E of Willows, CA",earthquake,nc
150,hv72640507,0,1.0,2021-08-12T10:59:23.000Z,19.2226657867432,-155.418502807617,35.1100006103516,1.99,ml,135.0,hv,2021-08-12T11:43:52.215Z,"6 km ENE of Pāhala, Hawaii",earthquake,hv
151,nc73609101,0,1.0,2021-08-12T08:03:12.490Z,40.2809982,-124.461998,27.14,2.81,md,230.0,nc,2021-08-12T08:24:11.970Z,"16km WSW of Petrolia, CA",earthquake,nc
152,us6000f4eg,0,2.0,2021-08-12T05:29:26.904Z,-19.9231,-71.296,34.69,4.7,mb,143.0,us,2021-08-12T18:42:53.624Z,"124 km WNW of Iquique, Chile",earthquake,us
153,hv72639917,0,1.0,2021-08-12T05:07:52.670Z,19.1749992370605,-155.424499511719,31.9500007629395,1.77999997,md,170.0,hv,2021-08-12T19:05:45.741Z,"6 km ESE of Pāhala, Hawaii",earthquake,hv
154,us6000f4dr,0,0.0,2021-08-12T03:10:09.426Z,55.5099,-158.4695,13.29,3.0,ml,146.0,us,2021-08-13T01:53:35.040Z,"61 km SE of Perryville, Alaska",earthquake,us
155,nc73609036,0,17.0,2021-08-12T02:59:16.360Z,38.2515,-122.9205,4.03,2.28,md,103.0,nc,2021-08-18T23:52:11.642Z,"2km WNW of Tomales, CA",earthquake,nc
156,tx2021prqa,0,1.0,2021-08-12T02:24:59.401Z,31.02850544,-103.3033456,2.763818359,2.2,ml,55.0,tx,2021-08-16T18:44:37.823Z,"32 km SW of Coyanosa, Texas",earthquake,tx
157,hv72639222,0,1.0,2021-08-11T21:27:37.270Z,19.4113333333333,-155.243166666667,2.22,2.44,ml,59.0,hv,2021-08-11T21:51:24.355Z,"3 km SSW of Volcano, Hawaii",earthquake,hv
158,us6000f48v,1,69.0,2021-08-11T17:46:14.493Z,6.4547,126.7421,65.6,7.1,mww,25.0,us,2021-08-13T15:40:59.105Z,"63 km E of Pondaguitan, Philippines",earthquake,us
159,us6000f48d,0,3.0,2021-08-11T17:11:54.159Z,11.5392,-86.7441,53.11,4.5,mb,170.0,us,2021-08-12T21:00:21.209Z,"37 km SW of Masachapa, Nicaragua",earthquake,us
160,ci39770807,0,1.0,2021-08-11T16:55:35.360Z,35.77,-117.5898333,6.75,1.98,ml,79.0,ci,2021-08-11T20:06:20.654Z,"17km W of Searles Valley, CA",earthquake,ci
161,us6000f44a,0,1.0,2021-08-11T09:31:20.797Z,45.4818,26.2737,134.17,4.2,mb,45.0,us,2021-08-11T15:49:09.536Z,"0 km SSE of Cașoca, Romania",earthquake,us
162,ci39770447,0,1.0,2021-08-11T07:45:05.290Z,35.7693333,-117.5878333,6.78,1.93,ml,80.0,ci,2021-08-11T20:01:32.748Z,"17km W of Searles Valley, CA",earthquake,ci
163,us6000f42v,0,1.0,2021-08-11T05:59:33.074Z,38.7945,23.0413,10.0,4.2,mb,52.0,us,2021-08-11T06:17:57.158Z,"6 km S of Loutrá Aidhipsoú, Greece",earthquake,us
164,us6000f42q,0,3.0,2021-08-11T05:53:38.754Z,43.2991,-71.568,2.83,1.8,ml,95.0,us,2021-08-17T00:51:16.768Z,New Hampshire,earthquake,us
165,us6000f41n,0,3.0,2021-08-11T05:19:05.641Z,1.3438,99.36,10.0,4.7,mb,138.0,us,2021-08-11T11:31:16.844Z,"10 km ESE of Padangsidempuan, Indonesia",earthquake,us
166,us6000f419,0,1.0,2021-08-11T04:34:31.245Z,50.5956,-101.6343,10.0,4.0,mb,40.0,us,2021-08-12T03:42:30.088Z,"28 km SSE of Langenburg, Canada",earthquake,us
167,pr2021223001,0,1.0,2021-08-11T02:43:13.480Z,17.9393,-66.8901,10.0,3.32,md,195.0,pr,2021-08-12T02:00:30.370Z,"4 km SSE of Guánica, Puerto Rico",earthquake,pr
168,nm60352637,0,1.0,2021-08-11T02:37:53.560Z,36.0755,-89.7976667,8.82,1.62,md,78.0,nm,2021-08-11T17:34:23.560Z,"2 km ESE of Steele, Missouri",earthquake,nm
169,ci39770127,0,1.0,2021-08-10T22:08:51.960Z,33.8876667,-116.7278333,16.14,1.7,ml,35.0,ci,2021-08-10T23:38:01.807Z,"6km ESE of Cabazon, CA",earthquake,ci
170,nc73608406,0,4.0,2021-08-10T19:29:31.570Z,38.4935,-119.4975,5.02,2.68,md,54.0,nc,2021-08-12T21:07:11.427Z,"34km ENE of Dardanelle, CA",earthquake,nc
171,pr2021222006,0,1.0,2021-08-10T19:00:25.980Z,18.0315,-66.8368,11.0,2.59,md,166.0,pr,2021-08-12T11:11:43.610Z,"1 km ESE of Yauco, Puerto Rico",earthquake,pr
172,us6000f3xn,0,1.0,2021-08-10T18:34:21.773Z,30.319,-109.1226,14.96,3.1,ml,94.0,us,2021-08-11T16:02:42.680Z,"18 km WSW of Bacerac, Mexico",earthquake,us
173,ci39769855,0,0.0,2021-08-10T17:50:56.580Z,34.0065,-117.2055,14.06,1.5,ml,29.0,ci,2021-08-10T18:56:52.719Z,"6km SSW of Redlands, CA",earthquake,ci
174,ok2021ppci,0,1.0,2021-08-10T17:15:33.329Z,35.904,-95.17316667,0.0,1.62,ml,124.0,ok,2021-08-10T17:28:04.791Z,"4 km SW of Hulbert, Oklahoma",quarry blast,ok
175,us6000f3w8,0,1.0,2021-08-10T15:20:20.754Z,-14.7296,-76.2185,10.0,4.7,mb,154.0,us,2021-08-10T18:34:55.930Z,"81 km SW of Santiago, Peru",earthquake,us
176,us6000f3uw,0,4.0,2021-08-10T13:03:53.096Z,-44.4135,170.8972,11.54,4.2,mb,134.0,us,2021-08-11T05:41:36.595Z,"24 km SW of Pleasant Point, New Zealand",earthquake,us
177,hv72635687,0,1.0,2021-08-10T11:28:43.180Z,19.3803329467773,-155.126831054688,1.87000000476837,1.96,ml,101.0,hv,2021-08-10T11:48:05.596Z,"9 km S of Fern Forest, Hawaii",earthquake,hv
178,hv72635632,0,1.0,2021-08-10T10:47:35.220Z,19.3685,-155.209,2.23,1.87,md,103.0,hv,2021-08-10T11:41:48.484Z,"8 km SSE of Volcano, Hawaii",earthquake,hv
179,us6000f3yt,0,2.0,2021-08-10T08:12:46.310Z,30.2767,78.1005,10.0,3.6,mb,291.0,us,2021-08-12T05:49:20.385Z,"3 km SSE of Rāipur, India",earthquake,us
180,us6000f3t8,0,2.0,2021-08-10T08:02:18.620Z,13.4145,-89.4831,85.47,4.5,mb,149.0,us,2021-08-10T21:47:29.082Z,"19 km WSW of La Libertad, El Salvador",earthquake,us
181,ci39769295,0,1.0,2021-08-10T07:57:42.100Z,35.5365,-117.4501667,8.2,1.67,ml,102.0,ci,2021-08-10T12:52:29.120Z,"22km ESE of Ridgecrest, CA",earthquake,ci
182,nc73608146,0,12.0,2021-08-10T06:29:26.020Z,37.959,-122.068,10.84,2.02,md,39.0,nc,2021-08-18T17:30:45.870Z,"1km NNW of Pleasant Hill, CA",earthquake,nc
183,hv72634767,0,1.0,2021-08-10T02:21:05.190Z,19.7965,-155.043333333333,43.99,2.88,ml,208.0,hv,2021-08-12T00:34:17.040Z,"5 km E of Pāpa‘ikou, Hawaii",earthquake,hv
184,tx2021pnxm,0,10.0,2021-08-10T01:38:43.245Z,35.4208374,-100.3271484,1.100463867,2.1,ml,135.0,tx,2021-08-18T12:33:19.262Z,"5 km WSW of Wheeler, Texas",earthquake,tx
185,us6000f3r4,0,1.0,2021-08-10T01:09:51.106Z,-23.9171,-66.7028,208.87,4.3,mb,64.0,us,2021-08-11T23:09:07.294Z,"51 km NW of San Antonio de los Cobres, Argentina",earthquake,us
186,uw61764676,0,3.0,2021-08-09T23:51:25.130Z,47.6598333333333,-121.904,16.51,2.17,ml,70.0,uw,2021-08-13T08:27:50.432Z,"1 km NNE of Carnation, Washington",earthquake,uw
187,ci39768991,0,1.0,2021-08-09T23:23:27.150Z,35.0318333,-117.6826667,0.26,1.65,ml,51.0,ci,2021-08-10T00:20:37.851Z,"5km NW of Boron, CA",quarry blast,ci
188,nn00818140,0,1.0,2021-08-09T21:56:26.555Z,38.1892,-117.77,10.4,1.1,ml,115.27,nn,2021-08-09T22:06:15.384Z,"37 km SE of Mina, Nevada",earthquake,nn
189,us6000f3pf,0,1.0,2021-08-09T21:03:24.558Z,-14.7215,-76.0995,18.5,5.0,mww,131.0,us,2021-08-09T21:33:12.611Z,"72 km SW of Santiago, Peru",earthquake,us
190,pr2021221005,0,1.0,2021-08-09T19:39:36.970Z,17.98,-67.1511,6.0,3.13,md,229.0,pr,2021-08-09T20:17:07.353Z,"3 km E of Pole Ojea, Puerto Rico",earthquake,pr
191,us6000f3nc,0,17.0,2021-08-09T19:29:31.525Z,39.7156,-98.3998,5.0,3.5,mwr,34.0,us,2021-08-11T06:07:03.434Z,"12 km SSE of Esbon, Kansas",earthquake,us
192,ci39768383,0,1.0,2021-08-09T15:50:08.220Z,33.7106667,-117.3381667,-0.54,1.23,ml,69.0,ci,2021-08-10T03:50:02.513Z,"5km NNW of Lake Elsinore, CA",quarry blast,ci
193,us6000f3lk,0,3.0,2021-08-09T14:36:01.197Z,-8.0634,108.9836,68.19,4.8,mb,52.0,us,2021-08-18T17:13:32.440Z,"55 km SSW of Kroya, Indonesia",earthquake,us
194,tx2021pmxg,0,35.0,2021-08-09T12:24:40.313Z,35.48492432,-100.2730619,6.871785482,3.5,ml,63.0,tx,2021-08-13T02:59:51.121Z,"4 km N of Wheeler, Texas",earthquake,tx
195,us6000f3k5,0,1.0,2021-08-09T09:53:54.527Z,-38.1316,-74.1331,23.0,4.2,mb,183.0,us,2021-08-10T06:54:57.873Z,"71 km SW of Lebu, Chile",earthquake,us
196,us6000f3jw,0,7.0,2021-08-09T09:03:20.854Z,17.3018,-99.8797,57.16,4.7,mb,169.0,us,2021-08-10T00:31:01.859Z,"6 km ENE of San Cristóbal, Mexico",earthquake,us
197,hv72632417,0,0.0,2021-08-09T07:46:48.920Z,19.3818333333333,-155.244333333333,0.87,1.7,ml,75.0,hv,2021-08-09T08:26:02.090Z,"6 km S of Volcano, Hawaii",earthquake,hv
198,hv72632412,0,24.0,2021-08-09T07:41:39.340Z,19.3821666666667,-155.240666666667,1.23,2.92,ml,71.0,hv,2021-08-09T18:11:54.203Z,"6 km S of Volcano, Hawaii",earthquake,hv
199,hv72632407,0,2.0,2021-08-09T07:41:25.260Z,19.3818333333333,-155.245333333333,0.91,1.94,ml,77.0,hv,2021-08-09T09:44:15.516Z,"6 km S of Volcano, Hawaii",earthquake,hv
200,ci39768015,0,1.0,2021-08-09T06:21:34.130Z,32.901,-115.9445,7.39,0.99,ml,80.0,ci,2021-08-09T20:36:42.372Z,"19km NNE of Ocotillo, CA",earthquake,ci
201,ci39768007,0,1.0,2021-08-09T06:09:45.480Z,32.9035,-115.9551667,8.89,2.86,ml,31.0,ci,2021-08-13T14:53:37.040Z,"19km N of Ocotillo, CA",earthquake,ci
202,nc73607661,0,1.0,2021-08-09T02:58:51.770Z,38.5035,-119.5301667,4.86,2.24,md,72.0,nc,2021-08-14T04:39:26.312Z,"31km SE of Markleeville, CA",earthquake,nc
203,hv72631592,0,0.0,2021-08-08T22:49:53.300Z,19.4068333333333,-155.284666666667,0.97,2.48,ml,25.0,hv,2021-08-10T02:38:04.370Z,"6 km SW of Volcano, Hawaii",earthquake,hv
204,us6000f3fw,0,11.0,2021-08-08T21:10:23.034Z,44.8396,17.3454,9.63,4.0,mb,39.0,us,2021-08-11T11:52:17.063Z,"8 km SSE of Laktaši, Bosnia and Herzegovina",earthquake,us
205,nc73607531,0,3.0,2021-08-08T20:31:23.710Z,37.4258333,-121.6723333,4.53,2.14,md,40.0,nc,2021-08-16T19:46:10.734Z,"15km ENE of Alum Rock, CA",earthquake,nc
206,us6000f3fa,0,3.0,2021-08-08T19:15:47.803Z,35.0914,25.1751,10.0,4.2,mb,167.0,us,2021-08-09T04:00:08.931Z,"9 km NE of Asímion, Greece",earthquake,us
207,tx2021plld,0,11.0,2021-08-08T17:08:12.611Z,35.47943115,-100.2730619,8.387980143,2.8,ml,62.0,tx,2021-08-10T13:36:02.332Z,"3 km N of Wheeler, Texas",earthquake,tx
208,nc73607441,0,12.0,2021-08-08T16:07:20.950Z,37.351,-122.203,10.12,2.38,md,48.0,nc,2021-08-16T19:16:10.424Z,"5km SE of Portola Valley, CA",earthquake,nc
209,us6000f3e6,0,1.0,2021-08-08T15:41:26.031Z,-14.8264,-76.1432,10.0,4.6,mb,138.0,us,2021-08-17T18:52:22.649Z,"84 km SSW of Santiago, Peru",earthquake,us
210,nc73607421,0,2.0,2021-08-08T13:36:45.560Z,38.8341675,-122.8160019,1.36,1.18,md,47.0,nc,2021-08-08T14:57:02.091Z,"8km W of Cobb, CA",earthquake,nc
211,hv72630727,0,1.0,2021-08-08T13:33:36.840Z,19.3646666666667,-155.000833333333,9.34,2.7,ml,198.0,hv,2021-08-17T15:29:59.040Z,"14 km SW of Leilani Estates, Hawaii",earthquake,hv
212,uw61764026,0,2.0,2021-08-08T13:29:38.000Z,46.888,-120.689666666667,13.44,1.9,ml,67.0,uw,2021-08-09T00:10:12.960Z,"16 km SW of Ellensburg, Washington",earthquake,uw
213,tx2021pldo,0,1.0,2021-08-08T13:20:27.761Z,32.11761475,-102.1557022,7.165242513,2.0,ml,55.0,tx,2021-08-12T16:45:38.918Z,"15 km NNW of Midland, Texas",earthquake,tx
214,nc73607376,0,5.0,2021-08-08T10:40:00.570Z,40.3226667,-124.3578333,27.93,3.1,ml,204.0,nc,2021-08-16T16:39:20.534Z,"6km W of Petrolia, CA",earthquake,nc
215,nc73607371,0,48.0,2021-08-08T10:24:58.000Z,37.2605,-122.0011667,6.5,2.21,md,68.0,nc,2021-08-16T16:02:19.337Z,"2km E of Saratoga, CA",earthquake,nc
216,nn00817966,0,0.0,2021-08-08T07:01:55.945Z,39.3655,-115.2484,0.8,2.4,ml,75.11,nn,2021-08-09T17:41:45.242Z,"24 km WNW of Ruth, Nevada",earthquake,nn
217,ci39767247,0,1.0,2021-08-08T05:51:11.600Z,34.3455,-117.0048333,2.38,1.19,ml,70.0,ci,2021-08-08T13:18:06.056Z,"12km SSW of Lucerne Valley, CA",earthquake,ci
218,us6000f3an,0,2.0,2021-08-08T05:19:21.136Z,-31.1041,-67.3107,109.58,4.4,mb,117.0,us,2021-08-08T06:51:52.911Z,"54 km SSE of San Agustín de Valle Fértil, Argentina",earthquake,us
219,tx2021pklr,0,1.0,2021-08-08T04:17:30.052Z,31.6407565,-104.2821299,7.494091797,3.2,ml,151.0,tx,2021-08-09T14:49:57.444Z,"58 km NW of Toyah, Texas",earthquake,tx
220,uw61763906,0,1.0,2021-08-08T01:24:31.670Z,46.498,-122.429666666667,17.48,1.52,ml,72.0,uw,2021-08-08T04:03:03.709Z,"5 km SE of Mossyrock, Washington",earthquake,uw
221,us6000f39a,0,1.0,2021-08-07T23:39:42.426Z,-24.3045,-67.3914,197.61,4.3,mb,66.0,us,2021-08-08T21:06:54.534Z,"109 km W of San Antonio de los Cobres, Argentina",earthquake,us
222,ci39767071,0,2.0,2021-08-07T23:09:54.860Z,34.0633333,-117.297,12.91,1.15,ml,50.0,ci,2021-08-09T17:27:36.140Z,"2km SE of Colton, CA",earthquake,ci
223,us6000f38y,0,0.0,2021-08-07T22:33:31.243Z,-31.7531,-68.9341,2.59,4.2,mb,125.0,us,2021-08-08T05:39:11.737Z,"29 km SW of Villa Basilio Nievas, Argentina",earthquake,us
224,us6000f38v,0,1.0,2021-08-07T22:30:03.930Z,-31.2414,-68.3551,108.82,4.4,mb,189.0,us,2021-08-08T05:32:05.754Z,"25 km NNE of San Martín, Argentina",earthquake,us
225,nc73607176,0,1.0,2021-08-07T22:06:50.750Z,38.4153333,-119.5656667,4.83,2.82,ml,58.0,nc,2021-08-10T21:09:13.626Z,"25km ENE of Dardanelle, CA",earthquake,nc
226,nn00817928,0,1.0,2021-08-07T20:57:00.899Z,37.4288,-115.5319,12.0,2.1,ml,95.79,nn,2021-08-09T19:34:14.921Z,"30 km SE of Rachel, Nevada",earthquake,nn
227,us6000f37h,0,8.0,2021-08-07T18:31:04.199Z,-21.84,-68.4047,135.09,5.2,mww,41.0,us,2021-08-10T14:06:01.874Z,"86 km NE of Calama, Chile",earthquake,us
228,nc73607056,0,2.0,2021-08-07T16:01:02.420Z,39.6803333,-122.8581667,3.66,2.94,ml,46.0,nc,2021-08-11T23:55:11.471Z,"12km WNW of Alder Springs, CA",earthquake,nc
229,uw61763716,0,3.0,2021-08-07T15:18:46.210Z,48.3168333333333,-121.886333333333,-0.49,2.2,ml,50.0,uw,2021-08-08T00:34:51.555Z,"6 km NNE of Oso, Washington",earthquake,uw
230,ok2021pirj,0,1.0,2021-08-07T04:53:52.890Z,36.46033333,-98.82683333,5.84,2.4,ml,57.0,ok,2021-08-09T13:18:59.320Z,"14 km SSE of Waynoka, Oklahoma",earthquake,ok
231,ci39766447,0,6.0,2021-08-07T04:22:42.110Z,33.713,-116.8445,15.53,2.16,ml,13.0,ci,2021-08-08T17:28:49.810Z,"6km SE of Valle Vista, CA",earthquake,ci
232,ci39766415,0,1.0,2021-08-07T04:08:51.370Z,35.777,-117.5106667,3.68,1.98,ml,96.0,ci,2021-08-07T15:41:44.650Z,"10km W of Searles Valley, CA",earthquake,ci
233,nc73606811,0,12.0,2021-08-07T02:23:53.080Z,36.8856667,-121.4146667,8.53,2.8,md,34.0,nc,2021-08-13T21:16:51.491Z,"4km NNW of Hollister, CA",earthquake,nc
234,us6000f328,0,4.0,2021-08-07T01:39:44.809Z,36.3133,27.0345,10.65,5.1,mww,49.0,us,2021-08-07T07:21:01.659Z,"34 km SSW of Mandráki, Greece",earthquake,us
235,ci39766271,0,1.0,2021-08-07T01:17:16.520Z,32.3533333,-115.3018333,19.88,3.45,mlr,75.0,ci,2021-08-13T01:59:26.848Z,"10km W of Delta, B.C., MX",earthquake,ci
236,hv72627037,0,1.0,2021-08-06T20:02:13.070Z,19.4825,-155.886166666667,7.31,2.34,ml,198.0,hv,2021-08-07T15:52:47.040Z,"3 km NW of Honaunau-Napoopoo, Hawaii",earthquake,hv
237,us6000f2za,0,1.0,2021-08-06T19:22:02.181Z,-59.6238,-26.1808,31.11,5.9,mww,37.0,us,2021-08-10T17:07:50.040Z,South Sandwich Islands region,earthquake,us
238,nc73606571,0,3.0,2021-08-06T18:31:04.220Z,38.8071667,-122.9735,-0.06,1.63,md,102.0,nc,2021-08-12T23:28:45.408Z,"4km E of Cloverdale, CA",earthquake,nc
239,ok2021phtc,0,1.0,2021-08-06T16:38:04.000Z,35.99866667,-96.53833333,0.0,1.57,ml,118.0,ok,2021-08-06T23:59:43.991Z,"5 km ENE of Drumright, Oklahoma",quarry blast,ok
240,ci39765815,0,1.0,2021-08-06T16:00:38.170Z,33.4721667,-116.529,7.32,0.5,ml,160.0,ci,2021-08-06T21:36:28.084Z,"16km SE of Anza, CA",earthquake,ci
241,ci39765679,0,22.0,2021-08-06T14:37:45.250Z,35.0406667,-119.0836667,7.98,3.39,mw,19.0,ci,2021-08-18T21:30:13.943Z,"18km NW of Grapevine, CA",earthquake,ci
242,us6000f2r5,0,3.0,2021-08-06T11:12:29.880Z,23.1086,121.3598,6.7,5.2,mww,32.0,us,2021-08-17T11:14:58.584Z,"92 km E of Yujing, Taiwan",earthquake,us
243,us6000f2r4,0,2.0,2021-08-06T11:08:16.781Z,-6.2276,104.6468,44.2,5.3,mww,34.0,us,2021-08-17T12:00:37.107Z,"111 km SW of Bandar Lampung, Indonesia",earthquake,us
244,nc73606371,0,3.0,2021-08-06T08:17:35.650Z,37.5015,-121.8263333,4.73,1.92,md,65.0,nc,2021-08-12T19:11:53.010Z,"11km NE of Milpitas, CA",earthquake,nc
245,us6000f2p7,0,7.0,2021-08-06T08:11:04.383Z,24.7316,122.2536,10.0,5.3,mww,43.0,us,2021-08-06T13:20:25.115Z,"50 km E of Yilan, Taiwan",earthquake,us
246,ci39765383,0,1.0,2021-08-06T05:06:37.720Z,35.677,-117.5386667,6.54,1.04,ml,130.0,ci,2021-08-06T14:48:27.918Z,"14km ENE of Ridgecrest, CA",earthquake,ci
247,ok2021pgnf,0,1.0,2021-08-06T00:31:19.920Z,36.55433333,-97.842,7.52,1.87,ml,48.0,ok,2021-08-06T14:29:52.165Z,"1 km NW of Kremlin, Oklahoma",earthquake,ok
248,tx2021pglj,0,1.0,2021-08-05T23:36:13.970Z,31.59511638,-104.2226115,7.391259766,2.6,ml,57.0,tx,2021-08-06T20:41:52.635Z,"51 km NW of Toyah, Texas",earthquake,tx
249,nc73606256,0,1.0,2021-08-05T22:36:48.190Z,37.256,-121.6298333,6.28,1.05,md,64.0,nc,2021-08-12T16:20:23.619Z,"14km N of Morgan Hill, CA",earthquake,nc
250,us6000f2kz,0,1.0,2021-08-05T21:10:09.326Z,36.2572,141.6327,10.0,4.6,mb,78.0,us,2021-08-05T21:43:48.915Z,"92 km NE of Hasaki, Japan",earthquake,us
251,ci39764903,0,1.0,2021-08-05T19:00:26.300Z,32.7811667,-116.8863333,-0.49,1.36,ml,88.0,ci,2021-08-07T23:56:03.719Z,"6km ESE of Bostonia, CA",quarry blast,ci
252,uu60451872,0,1.0,2021-08-05T17:02:23.060Z,40.2998333,-111.5443333,3.46,1.49,ml,78.0,uu,2021-08-05T19:30:53.452Z,"12 km NE of Provo, Utah",earthquake,uu
253,ok2021pfwh,0,1.0,2021-08-05T15:59:10.980Z,36.20033333,-95.88183333,0.0,1.46,ml,206.0,ok,2021-08-05T16:52:55.875Z,"8 km SSW of Owasso, Oklahoma",quarry blast,ok
254,nc73606111,0,2.0,2021-08-05T15:21:43.650Z,40.4106667,-125.1705,7.86,3.88,mw,244.0,nc,2021-08-06T19:47:45.014Z,"76km W of Petrolia, CA",earthquake,nc
255,us6000f2hc,0,1.0,2021-08-05T14:24:28.189Z,-6.8258,130.0303,117.5,5.1,mb,70.0,us,2021-08-05T14:49:42.109Z,Banda Sea,earthquake,us
256,ok2021pfss,0,1.0,2021-08-05T14:11:08.849Z,36.46766667,-96.79133333,0.0,1.22,ml,131.0,ok,2021-08-05T14:33:44.558Z,"6 km SW of Ralston, Oklahoma",quarry blast,ok
257,nc73606046,0,1.0,2021-08-05T10:16:06.460Z,38.7855,-122.75,0.58,1.49,md,40.0,nc,2021-08-17T03:10:06.330Z,"1km NNE of The Geysers, CA",earthquake,nc
258,us6000f2e0,0,1.0,2021-08-05T08:49:31.148Z,37.5886,21.4609,22.88,4.4,mb,90.0,us,2021-08-06T04:07:50.381Z,"5 km SW of Epitálio, Greece",earthquake,us
259,ci39764455,0,1.0,2021-08-05T07:06:31.940Z,33.1418333,-116.4448333,10.95,1.22,ml,56.0,ci,2021-08-05T13:01:31.920Z,"14km SSW of Borrego Springs, CA",earthquake,ci
260,ci39764447,0,591.0,2021-08-05T06:51:30.990Z,33.7553333,-116.9853333,17.42,3.12,ml,15.0,ci,2021-08-12T17:12:30.540Z,"2km NW of Hemet, CA",earthquake,ci
261,tx2021pfdo,0,34.0,2021-08-05T06:30:54.106Z,32.10662842,-102.1021103,9.463989258,2.7,ml,61.0,tx,2021-08-05T17:49:41.365Z,"12 km N of Midland, Texas",earthquake,tx
262,pr2021217003,0,1.0,2021-08-05T02:12:28.330Z,17.967,-66.8683,10.0,2.63,md,181.0,pr,2021-08-05T02:36:48.175Z,"2 km ESE of Maria Antonia, Puerto Rico",earthquake,pr
263,ci39764303,0,9.0,2021-08-05T01:23:34.730Z,34.3418333,-116.8686667,1.98,2.72,ml,41.0,ci,2021-08-05T23:10:11.040Z,"9km NNW of Big Bear City, CA",earthquake,ci
264,pr2021217000,0,3.0,2021-08-05T00:53:04.270Z,17.942,-67.1086,11.0,3.4,md,239.0,pr,2021-08-06T00:54:45.018Z,"7 km WSW of La Parguera, Puerto Rico",earthquake,pr
265,nc73605886,0,0.0,2021-08-05T00:27:30.310Z,37.548,-118.861,6.3,2.55,md,60.0,nc,2021-08-08T03:35:49.040Z,"14km SE of Mammoth Lakes, CA",earthquake,nc
266,us6000f2b7,0,115.0,2021-08-04T23:45:30.452Z,42.535,-70.9204,5.0,1.2,ml,208.0,us,2021-08-18T23:51:15.441Z,"1 km NE of Peabody, Massachusetts",earthquake,us
267,us6000f2a7,0,1.0,2021-08-04T22:28:57.371Z,-37.2347,-74.2135,10.02,4.3,mb,139.0,us,2021-08-05T11:02:41.137Z,"64 km NW of Lebu, Chile",earthquake,us
268,us6000f29z,0,1.0,2021-08-04T21:56:27.232Z,24.7369,122.2745,10.0,5.1,mb,66.0,us,2021-08-05T02:28:42.713Z,"52 km E of Yilan, Taiwan",earthquake,us
269,us6000f29v,0,30.0,2021-08-04T21:50:46.333Z,24.7978,122.2773,10.0,5.8,mww,15.0,us,2021-08-06T01:11:55.945Z,"53 km E of Yilan, Taiwan",earthquake,us
270,nm60351847,0,2.0,2021-08-04T20:57:44.330Z,33.2171667,-93.1516667,7.65,2.13,md,165.0,nm,2021-08-05T15:11:52.210Z,"9 km SE of Magnolia, Arkansas",earthquake,nm
271,ok2021pejn,0,3.0,2021-08-04T20:23:40.880Z,36.4635,-98.76016667,8.49,3.08,ml,35.0,ok,2021-08-05T12:48:33.122Z,"16 km SE of Waynoka, Oklahoma",earthquake,ok
272,nc73605791,0,1.0,2021-08-04T20:09:36.200Z,37.5138333,-118.773,4.29,1.49,md,61.0,nc,2021-08-04T23:33:34.909Z,"10km WSW of Toms Place, CA",earthquake,nc
273,us6000f28n,0,1.0,2021-08-04T19:19:58.902Z,-15.4022,-72.1662,120.4,4.3,mb,137.0,us,2021-08-05T11:04:50.081Z,"19 km NNW of Choco, Peru",earthquake,us
274,nc73605716,0,3.0,2021-08-04T18:49:46.010Z,38.5318333,-119.4321667,0.0,2.68,md,103.0,nc,2021-08-17T17:16:08.040Z,"29km SSW of Smith Valley, NV",earthquake,nc
275,us6000f278,0,19.0,2021-08-04T15:51:21.053Z,-40.8316,174.6499,44.6,4.2,mwr,59.0,us,2021-08-13T03:37:00.400Z,"32 km WNW of Paraparaumu, New Zealand",earthquake,us
276,us6000f260,0,1.0,2021-08-04T12:38:16.891Z,38.9399,35.716,10.0,4.0,mb,46.0,us,2021-08-04T13:44:36.466Z,"16 km NW of Bünyan, Turkey",earthquake,us
277,nc73605601,0,2.0,2021-08-04T12:25:43.280Z,38.5468333,-119.5301667,4.14,2.55,md,66.0,nc,2021-08-10T05:59:17.505Z,"28km SE of Markleeville, CA",earthquake,nc
278,us6000f253,0,1.0,2021-08-04T10:28:27.674Z,36.1339,141.9654,10.0,4.7,mb,149.0,us,2021-08-04T21:35:49.485Z,"111 km ENE of Hasaki, Japan",earthquake,us
279,nc73605581,0,1.0,2021-08-04T10:26:39.100Z,39.6671667,-122.8653333,5.71,2.78,md,51.0,nc,2021-08-11T23:23:14.466Z,"12km W of Alder Springs, CA",earthquake,nc
280,us6000f24z,1,34.0,2021-08-04T09:58:25.321Z,19.2081,-95.9366,17.55,4.8,mb,97.0,us,2021-08-05T02:53:29.596Z,"17 km NNE of Antón Lizardo, Mexico",earthquake,us
281,nc73605506,0,1.0,2021-08-04T06:27:17.650Z,38.806,-122.9741667,0.16,1.99,md,57.0,nc,2021-08-11T23:24:25.010Z,"4km E of Cloverdale, CA",earthquake,nc
282,us6000f23q,0,1.0,2021-08-04T06:16:52.065Z,-18.4616,-69.5092,133.16,4.9,mb,80.0,us,2021-08-04T16:11:35.111Z,"83 km E of Arica, Chile",earthquake,us
283,us6000f23j,0,768.0,2021-08-04T06:10:57.145Z,39.1939,-76.9665,6.57,2.1,ml,71.0,us,2021-08-12T07:49:49.286Z,"Clarksville, Maryland",earthquake,us
284,nc73605486,0,1.0,2021-08-04T05:59:27.530Z,39.6661667,-122.8595,-0.67,2.46,md,85.0,nc,2021-08-15T17:56:19.378Z,"12km W of Alder Springs, CA",earthquake,nc
285,tx2021pdfb,0,47.0,2021-08-04T05:00:03.091Z,32.10662842,-102.0999667,9.806355794,2.7,ml,61.0,tx,2021-08-14T09:24:53.234Z,"12 km N of Midland, Texas",earthquake,tx
286,us6000f22v,0,1.0,2021-08-04T04:54:21.904Z,-8.6607,127.4747,10.0,4.8,mb,84.0,us,2021-08-05T09:27:54.979Z,"54 km ESE of Lospalos, Timor Leste",earthquake,us
287,us6000f22l,0,1.0,2021-08-04T04:40:24.907Z,36.1419,141.7948,10.06,5.4,mww,42.0,us,2021-08-05T04:46:39.222Z,"97 km ENE of Hasaki, Japan",earthquake,us
288,us6000f21y,0,1.0,2021-08-04T02:56:24.363Z,36.2391,142.0476,10.0,4.9,mb,117.0,us,2021-08-04T05:34:30.324Z,"123 km ENE of Hasaki, Japan",earthquake,us
289,nc73605391,0,1.0,2021-08-04T01:57:36.990Z,37.1281667,-121.5263333,5.72,2.24,md,32.0,nc,2021-08-11T16:41:15.213Z,"9km ENE of San Martin, CA",earthquake,nc
290,us6000f21e,0,5.0,2021-08-04T00:27:13.804Z,-30.0709,-71.6547,31.26,4.6,mb,69.0,us,2021-08-13T03:28:13.979Z,"33 km WSW of Coquimbo, Chile",earthquake,us
291,nc73605316,0,2.0,2021-08-03T22:52:00.050Z,39.6705,-122.8636667,5.99,2.93,md,64.0,nc,2021-08-12T22:38:04.040Z,"12km W of Alder Springs, CA",earthquake,nc
292,us6000f1zc,0,3.0,2021-08-03T20:43:10.318Z,36.1619,142.0825,10.0,5.3,mww,48.0,us,2021-08-04T16:35:59.812Z,"122 km ENE of Hasaki, Japan",earthquake,us
293,us6000f1z7,0,14.0,2021-08-03T20:33:32.270Z,36.0993,142.1167,10.0,5.8,mww,40.0,us,2021-08-04T20:39:55.604Z,"122 km ENE of Hasaki, Japan",earthquake,us
294,pr2021215002,0,1.0,2021-08-03T20:07:27.070Z,17.9676,-66.9678,7.0,3.07,md,182.0,pr,2021-08-04T15:02:01.040Z,"5 km WSW of Fuig, Puerto Rico",earthquake,pr
295,us6000f1yr,0,1.0,2021-08-03T19:53:13.263Z,36.3742,26.9835,5.97,4.6,mwr,67.0,us,2021-08-04T06:24:53.581Z,"29 km SSW of Mandráki, Greece",earthquake,us
296,us6000f1yk,0,4.0,2021-08-03T19:32:28.273Z,-32.3195,-70.8055,91.88,4.5,mb,82.0,us,2021-08-04T15:55:46.267Z,"42 km ENE of La Ligua, Chile",earthquake,us
297,nc73605151,0,1.0,2021-08-03T18:55:00.830Z,37.9176667,-118.5555,6.69,3.26,ml,80.0,nc,2021-08-11T21:41:11.604Z,"41km NNE of Toms Place, CA",earthquake,nc
298,us6000f1wu,0,1.0,2021-08-03T17:00:52.347Z,-24.2011,-67.281,189.31,4.2,mwr,82.0,us,2021-08-04T00:51:32.420Z,"97 km W of San Antonio de los Cobres, Argentina",earthquake,us
299,nc73605076,0,4.0,2021-08-03T16:58:00.060Z,38.57,-119.4583333,-0.3,3.26,ml,78.0,nc,2021-08-11T18:59:26.040Z,"26km SSW of Smith Valley, NV",earthquake,nc
300,us6000f1wl,0,6.0,2021-08-03T16:20:17.057Z,13.4827,120.8529,91.53,4.7,mb,110.0,us,2021-08-11T18:46:24.751Z,"3 km E of Odala, Philippines",earthquake,us
301,nc73605026,0,2.0,2021-08-03T15:57:51.590Z,39.6696667,-122.8641667,-0.39,2.86,md,50.0,nc,2021-08-11T20:50:11.783Z,"12km W of Alder Springs, CA",earthquake,nc
302,nc73604971,0,1.0,2021-08-03T14:12:57.680Z,39.6736667,-122.865,0.75,2.9,md,104.0,nc,2021-08-11T16:52:17.040Z,"12km WNW of Alder Springs, CA",earthquake,nc
303,us6000f1u4,0,7.0,2021-08-03T12:38:18.120Z,36.3468,27.0256,10.0,5.3,mww,41.0,us,2021-08-04T15:56:23.913Z,"30 km SSW of Mandráki, Greece",earthquake,us
304,hv72619862,0,1.0,2021-08-03T12:08:04.660Z,20.1645,-156.161166666667,8.47,3.14,ml,143.0,hv,2021-08-03T18:53:17.313Z,"35 km WSW of Hāwī, Hawaii",earthquake,hv
305,hv72619712,0,1.0,2021-08-03T10:36:44.020Z,19.1928333333333,-155.466333333333,36.91,2.63,ml,101.0,hv,2021-08-03T18:21:38.561Z,"1 km SE of Pāhala, Hawaii",earthquake,hv
306,hv72619717,0,0.0,2021-08-03T10:36:43.990Z,19.1911659240723,-155.463333129883,37.0299987792969,2.49,ml,105.0,hv,2021-08-03T18:21:50.148Z,"2 km SE of Pāhala, Hawaii",earthquake,hv
307,us6000f1te,0,2.0,2021-08-03T10:29:16.470Z,36.1768,141.9543,10.0,5.0,mww,101.0,us,2021-08-04T15:15:14.592Z,"112 km ENE of Hasaki, Japan",earthquake,us
308,hv72619442,0,2.0,2021-08-03T07:04:28.460Z,19.4581666666667,-155.889166666667,8.67,2.44,ml,185.0,hv,2021-08-03T18:04:22.743Z,"2 km W of Honaunau-Napoopoo, Hawaii",earthquake,hv
309,nc73604831,0,2.0,2021-08-03T06:10:04.450Z,39.6676667,-122.8608333,1.71,2.88,md,120.0,nc,2021-08-10T22:25:10.641Z,"12km W of Alder Springs, CA",earthquake,nc
310,us6000f1re,0,1.0,2021-08-03T04:16:48.735Z,-29.5132,-72.3098,10.0,4.1,mb,170.0,us,2021-08-04T02:16:44.669Z,"105 km WNW of Coquimbo, Chile",earthquake,us
311,us6000f1r4,0,8.0,2021-08-03T03:42:38.234Z,8.8666,94.0091,10.0,6.1,mww,53.0,us,2021-08-17T02:03:17.389Z,"Nicobar Islands, India region",earthquake,us
312,ci39762255,0,1.0,2021-08-03T03:19:28.960Z,34.5148333,-116.5195,0.61,1.51,ml,94.0,ci,2021-08-03T13:40:35.163Z,"40km SW of Ludlow, CA",earthquake,ci
313,nc73604776,0,1.0,2021-08-03T03:16:15.790Z,39.6671667,-122.8728333,1.45,2.73,md,83.0,nc,2021-08-10T21:54:11.794Z,"13km W of Alder Springs, CA",earthquake,nc
314,nc73604726,0,1.0,2021-08-03T01:02:36.060Z,39.5091667,-122.0115,24.53,2.63,md,62.0,nc,2021-08-10T21:36:02.723Z,"16km E of Willows, CA",earthquake,nc
315,nc73604661,0,50.0,2021-08-02T23:05:42.790Z,37.3021667,-121.6705,6.15,2.92,md,40.0,nc,2021-08-15T04:33:33.040Z,"15km E of Seven Trees, CA",earthquake,nc
316,us6000f1ny,0,1.0,2021-08-02T23:01:00.780Z,-3.2014,100.3496,10.0,5.3,mb,171.0,us,2021-08-09T21:11:56.650Z,"171 km SW of Sungai Penuh, Indonesia",earthquake,us
317,us6000f1nr,0,1.0,2021-08-02T22:48:50.773Z,-3.2125,100.1919,20.0,5.8,mww,41.0,us,2021-08-11T05:11:32.376Z,"184 km SW of Sungai Penuh, Indonesia",earthquake,us
318,tx2021pavj,0,1.0,2021-08-02T21:49:59.673Z,31.66765593,-104.3943022,6.157275391,3.2,ml,61.0,tx,2021-08-09T01:00:55.040Z,"56 km S of Whites City, New Mexico",earthquake,tx
319,ci39762039,0,1.0,2021-08-02T21:40:07.270Z,34.9906667,-118.192,-0.84,1.17,ml,57.0,ci,2021-08-03T00:43:14.572Z,"7km SSW of Mojave, CA",quarry blast,ci
320,tx2021pauw,0,2.0,2021-08-02T21:34:12.778Z,32.10388184,-102.0881764,10.3199056,1.9,ml,62.0,tx,2021-08-06T00:03:29.040Z,"11 km N of Midland, Texas",earthquake,tx
321,nc73604436,0,5.0,2021-08-02T18:28:54.290Z,39.6703333,-122.8623333,7.64,3.66,mw,27.0,nc,2021-08-17T12:38:37.661Z,"12km W of Alder Springs, CA",earthquake,nc
322,nc73604426,0,1.0,2021-08-02T18:20:39.250Z,39.6658333,-122.8621667,3.63,2.05,md,34.0,nc,2021-08-02T18:52:23.217Z,"12km W of Alder Springs, CA",earthquake,nc
323,us6000f1i1,0,1.0,2021-08-02T15:35:32.843Z,36.1783,141.8431,27.47,4.7,mb,115.0,us,2021-08-10T19:23:32.653Z,"103 km ENE of Hasaki, Japan",earthquake,us
324,us6000f1hs,0,1.0,2021-08-02T15:09:34.892Z,-22.4958,-70.3493,62.37,4.7,mwr,118.0,us,2021-08-10T19:19:08.954Z,"47 km SSW of Tocopilla, Chile",earthquake,us
325,nc73604356,0,1.0,2021-08-02T15:04:30.420Z,39.6698333,-122.8566667,5.55,2.73,md,52.0,nc,2021-08-10T19:16:46.040Z,"11km W of Alder Springs, CA",earthquake,nc
326,nc73604336,0,1.0,2021-08-02T14:49:31.840Z,39.6711667,-122.8585,5.23,2.53,md,68.0,nc,2021-08-10T18:50:01.040Z,"12km W of Alder Springs, CA",earthquake,nc
327,nc73604321,0,1.0,2021-08-02T14:05:50.960Z,38.529,-119.5298333,3.59,2.68,md,66.0,nc,2021-08-08T23:07:12.938Z,"29km SE of Markleeville, CA",earthquake,nc
328,us6000f1gn,0,4.0,2021-08-02T11:58:27.432Z,-21.0572,-69.7522,63.87,4.3,mb,113.0,us,2021-08-03T05:27:40.460Z,"102 km SSE of Iquique, Chile",earthquake,us
329,us6000f1gj,0,1.0,2021-08-02T11:51:28.870Z,-25.4693,-70.6075,71.83,4.5,mb,133.0,us,2021-08-02T21:14:25.571Z,"14 km WSW of Taltal, Chile",earthquake,us
330,nc73604296,0,10.0,2021-08-02T11:25:11.990Z,38.7625,-123.0013333,3.46,2.06,md,98.0,nc,2021-08-10T03:21:41.044Z,"5km SSE of Cloverdale, CA",earthquake,nc
331,pr2021214003,0,1.0,2021-08-02T11:23:22.450Z,18.4316,-67.299,6.0,2.98,md,184.0,pr,2021-08-02T12:27:29.614Z,"11 km NNW of Rincón, Puerto Rico",earthquake,pr
332,us6000f1m7,0,7.0,2021-08-02T08:31:37.724Z,29.0806,47.5968,10.0,4.2,mb,86.0,us,2021-08-03T06:28:37.539Z,"29 km SSW of Al Jahrā’, Kuwait",earthquake,us
333,us6000f1ea,0,3.0,2021-08-02T05:01:20.212Z,-4.4771,133.9798,10.0,5.9,mww,34.0,us,2021-08-03T17:30:29.040Z,"Near the south coast of Papua, Indonesia",earthquake,us
334,us6000f1dd,0,259.0,2021-08-02T03:50:45.954Z,42.9946,-105.933,9.72,3.8,mb,82.0,us,2021-08-11T03:44:00.434Z,"12 km NW of Rolling Hills, Wyoming",earthquake,us
335,ok2021ozhy,0,1.0,2021-08-02T01:54:20.000Z,35.10216667,-95.38033333,6.6,2.3,ml,71.0,ok,2021-08-05T23:58:41.040Z,"2 km SSW of Quinton, Oklahoma",earthquake,ok
336,uw61752502,0,4.0,2021-08-02T00:32:02.480Z,48.3281666666667,-121.857,-0.54,2.2,ml,76.0,uw,2021-08-02T00:49:42.605Z,"8 km NE of Oso, Washington",earthquake,uw
337,us6000f1bx,0,4.0,2021-08-01T23:27:19.300Z,45.4702,16.3163,10.0,4.1,mb,76.0,us,2021-08-09T21:55:42.436Z,"4 km NNE of Petrinja, Croatia",earthquake,us
338,us6000f1bf,0,10.0,2021-08-01T21:07:27.375Z,42.2492,21.3237,10.0,3.3,ml,118.0,us,2021-08-03T22:15:28.978Z,"5 km ENE of Kačanik, Kosovo",earthquake,us
339,us6000f1as,0,3.0,2021-08-01T19:04:18.714Z,43.1825,-126.8132,10.0,4.2,mb,189.0,us,2021-08-02T12:15:32.303Z,"194 km W of Langlois, Oregon",earthquake,us
340,nc73603996,0,1.0,2021-08-01T18:27:43.390Z,38.5008333,-119.5403333,2.98,2.26,md,56.0,nc,2021-08-09T22:30:12.411Z,"31km SE of Markleeville, CA",earthquake,nc
341,us6000f1ak,0,3.0,2021-08-01T17:57:09.553Z,46.8163,27.4767,10.0,4.3,mb,66.0,us,2021-08-04T23:29:38.344Z,"3 km ESE of Negreşti, Romania",earthquake,us
342,us6000f1a2,0,1.0,2021-08-01T15:45:11.499Z,-6.4127,147.1626,66.65,4.6,mb,83.0,us,2021-08-08T19:40:11.231Z,"38 km NNE of Lae, Papua New Guinea",earthquake,us
343,nc73603886,0,80.0,2021-08-01T14:50:04.890Z,36.8638333,-121.4133333,7.37,2.96,md,44.0,nc,2021-08-11T19:04:54.040Z,"2km NW of Hollister, CA",earthquake,nc
344,nc73603881,0,1.0,2021-08-01T14:46:05.190Z,36.8606667,-121.412,7.21,1.5,md,68.0,nc,2021-08-09T21:04:37.470Z,"2km NW of Hollister, CA",earthquake,nc
345,pr2021213003,0,1.0,2021-08-01T14:12:39.800Z,17.9438,-67.108,11.0,3.29,md,238.0,pr,2021-08-01T14:41:18.037Z,"7 km WSW of La Parguera, Puerto Rico",earthquake,pr
346,us6000f18t,0,1.0,2021-08-01T13:50:29.962Z,34.4672,139.758,123.4,4.3,mb,126.0,us,2021-08-08T18:39:21.816Z,"58 km S of Tateyama, Japan",earthquake,us
347,nc73603816,0,1.0,2021-08-01T13:30:41.410Z,38.7773323,-122.7158356,1.99,2.67,md,73.0,nc,2021-08-01T13:52:11.165Z,"2km W of Anderson Springs, CA",earthquake,nc
348,us6000f18d,0,6.0,2021-08-01T13:04:53.268Z,-38.3331,175.8785,175.18,5.0,mww,39.0,us,2021-08-08T13:28:20.912Z,"11 km S of Tokoroa, New Zealand",earthquake,us
349,pr2021213002,0,1.0,2021-08-01T12:01:28.600Z,18.1398,-68.156,94.0,3.56,md,233.0,pr,2021-08-04T04:46:16.040Z,"54 km ESE of Boca de Yuma, Dominican Republic",earthquake,pr
350,us6000f17x,0,0.0,2021-08-01T11:39:19.156Z,-0.0613,124.8865,82.0,4.6,mb,44.0,us,2021-08-01T12:08:17.445Z,"151 km S of Tondano, Indonesia",earthquake,us
351,us6000f17k,0,1.0,2021-08-01T10:40:27.342Z,62.6538,-25.2364,10.0,5.2,mww,52.0,us,2021-08-04T16:24:52.799Z,"192 km SW of Grindavík, Iceland",earthquake,us
352,nc73603781,0,2.0,2021-08-01T10:27:46.570Z,37.8498333,-121.888,9.07,2.18,md,69.0,nc,2021-08-09T21:06:12.928Z,"4km NNE of Blackhawk, CA",earthquake,nc
353,us6000f1bq,0,5.0,2021-08-01T09:08:26.261Z,-26.2771,28.1849,5.0,3.6,ml,244.0,us,2021-08-02T00:11:16.401Z,"6 km E of Alberton, South Africa",earthquake,us
354,nc73603751,0,2.0,2021-08-01T08:22:24.320Z,38.6655,-122.7695,5.99,2.13,md,47.0,nc,2021-08-09T20:05:17.586Z,"11km NE of Healdsburg, CA",earthquake,nc
355,us6000f16g,0,1.0,2021-08-01T07:53:18.222Z,26.6901,128.4652,31.4,4.4,mb,73.0,us,2021-08-01T09:17:07.651Z,"48 km E of Nago, Japan",earthquake,us
356,us6000f168,0,1.0,2021-08-01T07:07:15.001Z,-4.93,-80.6325,35.0,4.2,mb,131.0,us,2021-08-01T14:35:08.685Z,"6 km ESE of Sullana, Peru",earthquake,us
357,hv72616112,0,10.0,2021-08-01T06:12:36.690Z,19.4545,-155.8875,8.87,2.68,ml,184.0,hv,2021-08-02T19:23:51.501Z,"2 km W of Honaunau-Napoopoo, Hawaii",earthquake,hv
358,nc73603701,0,32.0,2021-08-01T05:38:44.730Z,37.8478333,-121.8848333,8.43,2.5,md,68.0,nc,2021-08-09T19:06:11.237Z,"4km NNE of Blackhawk, CA",earthquake,nc
359,us6000f155,0,18.0,2021-08-01T04:31:27.163Z,36.3895,27.0222,10.99,5.7,mww,34.0,us,2021-08-03T17:47:15.040Z,"26 km SSW of Mandráki, Greece",earthquake,us
360,uw61752267,0,11.0,2021-08-01T04:08:20.740Z,48.4855,-122.008,0.37,2.11,ml,92.0,uw,2021-08-02T12:00:32.683Z,"4 km SSW of Hamilton, Washington",earthquake,uw
361,nc73603671,0,90.0,2021-08-01T03:52:49.190Z,36.866,-121.4151667,7.32,2.76,md,43.0,nc,2021-08-09T19:43:11.468Z,"3km NW of Hollister, CA",earthquake,nc
362,us6000f14u,0,1.0,2021-08-01T03:35:31.582Z,-23.6875,-67.0432,222.61,4.1,ml,107.0,us,2021-08-01T04:15:04.585Z,"94 km NW of San Antonio de los Cobres, Argentina",earthquake,us
363,us6000f14p,0,1.0,2021-08-01T03:14:59.184Z,-43.2023,-75.8155,10.0,4.7,mwr,108.0,us,2021-08-01T04:18:32.386Z,"178 km WSW of Chonchi, Chile",earthquake,us
364,us6000f14n,0,6.0,2021-08-01T03:10:18.431Z,-43.6075,172.2147,25.05,3.4,ml,110.0,us,2021-08-01T22:06:45.458Z,"8 km W of Burnham, New Zealand",earthquake,us
365,us6000f14a,0,3.0,2021-08-01T01:50:56.818Z,4.4653,-78.4771,10.0,5.0,mb,138.0,us,2021-08-01T02:50:07.804Z,"125 km W of Santa Genoveva de Docordó, Colombia",earthquake,us
366,nc73603631,0,0.0,2021-08-01T01:48:09.290Z,37.8518333,-121.881,7.75,2.02,md,141.0,nc,2021-08-09T18:21:08.820Z,"4km NE of Blackhawk, CA",earthquake,nc
367,us6000f147,0,1.0,2021-08-01T01:25:53.537Z,62.8127,-25.1937,10.0,4.7,mb,64.0,us,2021-08-01T08:42:04.480Z,"179 km SW of Grindavík, Iceland",earthquake,us
368,us6000f143,0,11.0,2021-08-01T01:09:20.160Z,14.0051,145.0634,120.25,4.9,mb,67.0,us,2021-08-01T08:29:06.599Z,"55 km NNE of Yigo Village, Guam",earthquake,us
369,us6000f13n,0,1.0,2021-07-31T23:26:01.568Z,-18.2733,-178.0843,577.24,4.4,mb,80.0,us,2021-08-13T02:27:48.727Z,"275 km E of Levuka, Fiji",earthquake,us
370,us6000f13l,0,1.0,2021-07-31T23:25:41.976Z,36.3274,27.064,10.0,4.4,mb,53.0,us,2021-08-12T22:31:53.601Z,"32 km S of Mandráki, Greece",earthquake,us
371,us6000f138,0,13.0,2021-07-31T22:43:01.512Z,-26.4652,27.4773,5.0,3.9,mb,172.0,us,2021-08-08T05:24:36.000Z,"3 km NNW of Fochville, South Africa",earthquake,us
372,nc73603581,0,1.0,2021-07-31T22:16:32.170Z,39.6793333,-122.8605,0.42,2.95,md,56.0,nc,2021-08-12T05:31:41.040Z,"12km WNW of Alder Springs, CA",earthquake,nc
373,pr2021212005,0,1.0,2021-07-31T21:28:07.870Z,17.9788,-66.984,5.0,3.04,md,171.0,pr,2021-07-31T23:25:30.156Z,"6 km E of La Parguera, Puerto Rico",earthquake,pr
374,us6000f128,0,63.0,2021-07-31T21:19:12.811Z,30.4526,-109.1209,10.0,5.2,mww,39.0,us,2021-08-12T19:51:10.199Z,"17 km W of Bavispe, Mexico",earthquake,us
375,uw61752132,0,1.0,2021-07-31T20:50:20.880Z,48.1521666666667,-122.669166666667,28.57,2.39,ml,57.0,uw,2021-07-31T23:39:36.846Z,"7 km S of Coupeville, Washington",earthquake,uw
376,us6000f11n,0,1.0,2021-07-31T19:57:55.108Z,36.4103,27.0628,10.99,4.7,mwr,42.0,us,2021-08-11T22:50:23.144Z,"23 km SSW of Mandráki, Greece",earthquake,us
377,nc73603486,0,3.0,2021-07-31T19:09:38.270Z,35.7806667,-120.333,8.5,2.73,md,104.0,nc,2021-08-09T17:36:12.538Z,"7km NNW of Cholame, CA",earthquake,nc
378,us6000f11c,0,1.0,2021-07-31T18:32:37.793Z,29.3472,69.6448,32.24,4.4,mb,141.0,us,2021-07-31T22:54:36.462Z,"58 km NE of Dera Bugti, Pakistan",earthquake,us
379,us6000f109,0,24.0,2021-07-31T15:39:21.621Z,27.5416,-111.5183,10.0,5.5,mww,117.0,us,2021-08-01T15:43:11.435Z,"65 km SW of San Carlos, Mexico",earthquake,us
380,ci39759927,0,1.0,2021-07-31T15:27:50.330Z,34.0788333,-117.2965,15.7,1.6,ml,24.0,ci,2021-08-02T16:56:58.020Z,"2km ENE of Colton, CA",earthquake,ci
381,us6000f104,0,2.0,2021-07-31T15:25:35.535Z,-20.3476,-69.1281,110.28,4.0,ml,84.0,us,2021-07-31T16:48:27.536Z,"107 km E of Iquique, Chile",earthquake,us
382,nc73603251,0,34.0,2021-07-31T15:15:56.260Z,38.8156662,-122.7900009,3.36,3.44,ml,34.0,nc,2021-08-02T06:13:30.251Z,"5km NW of The Geysers, CA",earthquake,nc
383,us6000f0zs,0,1.0,2021-07-31T14:08:35.076Z,-24.0854,-66.92,187.27,4.5,mb,89.0,us,2021-08-01T04:22:24.416Z,"62 km WNW of San Antonio de los Cobres, Argentina",earthquake,us
384,us6000f0zl,0,1.0,2021-07-31T13:46:17.549Z,-16.9192,-69.6772,175.64,4.3,mb,101.0,us,2021-08-01T02:49:15.881Z,Peru-Bolivia border region,earthquake,us
385,us6000f0z3,0,78.0,2021-07-31T12:14:25.310Z,-32.6762,-71.7663,24.22,5.1,mb,64.0,us,2021-08-02T23:49:39.308Z,"41 km NNW of Valparaíso, Chile",earthquake,us
386,nc73603141,0,2.0,2021-07-31T11:49:23.790Z,37.65,-122.4803333,6.0,1.85,md,81.0,nc,2021-08-01T17:17:11.526Z,"4km SSW of Colma, CA",earthquake,nc
387,us6000f0xu,0,1.0,2021-07-31T08:05:16.761Z,-15.3142,166.4125,10.0,5.0,mb,98.0,us,2021-08-01T02:44:03.590Z,"77 km WSW of Port-Olry, Vanuatu",earthquake,us
388,nc73603051,0,1.0,2021-07-31T07:45:47.290Z,38.418,-119.5611667,3.87,1.62,md,80.0,nc,2021-08-07T09:09:28.473Z,"25km ENE of Dardanelle, CA",earthquake,nc
389,us6000f0w6,0,2.0,2021-07-31T05:26:05.165Z,43.3499,141.6382,168.8,5.0,mb,82.0,us,2021-08-01T02:24:08.471Z,"17 km NNE of Tōbetsu, Japan",earthquake,us
390,us6000f0vx,0,1.0,2021-07-31T04:33:02.493Z,-5.0771,-80.8106,35.0,4.3,mb,192.0,us,2021-07-31T05:11:26.220Z,"19 km SSW of Nuevo Sullana, Peru",earthquake,us
391,us6000f0vt,0,1.0,2021-07-31T04:09:45.623Z,33.8519,134.5798,40.38,4.7,mb,83.0,us,2021-07-31T04:34:41.585Z,"9 km SW of Anan, Japan",earthquake,us
392,us6000f0vh,0,4.0,2021-07-31T02:01:45.224Z,36.3056,1.6767,10.0,4.3,mb,74.0,us,2021-07-31T04:25:27.217Z,"4 km NNW of El Abadia, Algeria",earthquake,us
393,ci39759175,0,153.0,2021-07-31T00:59:29.340Z,34.0356667,-117.212,14.55,3.05,ml,15.0,ci,2021-08-15T21:45:55.040Z,"4km SW of Redlands, CA",earthquake,ci
394,nn00817060,0,4.0,2021-07-30T23:53:18.228Z,36.0664,-115.3634,14.8,2.8,ml,72.01,nn,2021-08-16T03:02:52.040Z,Nevada,earthquake,nn
395,us6000f0ub,0,1.0,2021-07-30T22:39:48.033Z,-26.8266,-114.2904,10.0,5.0,mb,158.0,us,2021-08-15T05:15:57.176Z,Easter Island region,earthquake,us
396,nc73602711,0,0.0,2021-07-30T19:32:11.320Z,38.8196678,-122.7983322,2.53,2.48,md,30.0,nc,2021-07-31T15:25:39.833Z,"6km NW of The Geysers, CA",earthquake,nc
397,us6000f0qr,0,34.0,2021-07-30T17:10:19.307Z,-4.9344,-80.6023,32.66,6.2,mww,18.0,us,2021-08-06T11:26:53.336Z,"9 km ESE of Sullana, Peru",earthquake,us
398,nn00816980,0,1.0,2021-07-30T15:08:51.964Z,38.0401,-118.6159,9.4,2.5,ml,66.93,nn,2021-08-06T23:36:12.684Z,"27 km NNW of Benton, California",earthquake,nn
399,se60131923,0,7.0,2021-07-30T14:36:11.150Z,36.4518333,-81.0786667,0.04,1.65,md,100.0,se,2021-08-01T21:22:04.040Z,"7 km SSE of Sparta, North Carolina",earthquake,se
400,nc73602511,0,1.0,2021-07-30T14:27:13.470Z,38.5215,-119.4915,8.82,2.66,md,86.0,nc,2021-08-16T08:21:05.040Z,"32km SSW of Smith Valley, NV",earthquake,nc
401,hv72612917,0,3.0,2021-07-30T12:06:20.430Z,19.946,-155.338666666667,8.82,2.66,ml,215.0,hv,2021-08-15T07:22:41.040Z,"10 km SSE of Pa‘auilo, Hawaii",earthquake,hv
402,us6000f0k0,0,1.0,2021-07-30T08:58:50.303Z,35.2794,-3.6453,10.0,4.6,mb,61.0,us,2021-08-18T12:58:19.503Z,"23 km NE of Imzouren, Morocco",earthquake,us
403,hv72612597,0,1.0,2021-07-30T08:48:19.110Z,19.3328333333333,-155.130833333333,6.13,3.18,ml,120.0,hv,2021-08-18T12:54:06.475Z,"14 km S of Fern Forest, Hawaii",earthquake,hv
404,us6000f0jb,0,1.0,2021-07-30T07:37:04.805Z,44.1153,-115.0629,10.0,2.8,ml,79.0,us,2021-08-18T12:13:06.511Z,"15 km SW of Stanley, Idaho",earthquake,us
405,ci39758079,0,1.0,2021-07-30T07:30:44.640Z,34.0713333,-116.9031667,7.89,1.98,ml,43.0,ci,2021-07-30T14:22:55.660Z,"14km ENE of Yucaipa, CA",earthquake,ci
406,hv72612252,0,0.0,2021-07-30T05:02:16.300Z,19.1703333333333,-155.471333333333,32.4,2.8,ml,80.0,hv,2021-08-15T06:53:53.380Z,"3 km SSE of Pāhala, Hawaii",earthquake,hv
407,us6000f0if,0,1.0,2021-07-30T04:37:01.822Z,10.4519,-86.1109,10.0,4.3,mb,189.0,us,2021-07-30T05:25:13.410Z,"51 km W of Sardinal, Costa Rica",earthquake,us
408,us6000f0i0,0,129.0,2021-07-30T04:34:51.225Z,-26.3422,28.2268,5.0,4.2,ml,212.0,us,2021-07-31T23:09:41.185Z,"13 km SE of Alberton, South Africa",earthquake,us
409,uw61751642,0,2.0,2021-07-30T04:32:21.240Z,48.3895,-122.171666666667,17.53,2.11,ml,62.0,uw,2021-07-30T14:03:53.140Z,"5 km ESE of Big Lake, Washington",earthquake,uw
410,us6000f0hw,0,6.0,2021-07-30T04:29:32.464Z,10.3635,-86.224,10.0,4.7,mb,173.0,us,2021-07-30T15:50:48.300Z,"65 km WSW of Sardinal, Costa Rica",earthquake,us
411,us6000f0hu,0,1.0,2021-07-30T04:18:41.682Z,-15.4576,-73.7505,75.66,4.2,mb,142.0,us,2021-07-30T05:50:17.728Z,"19 km NNE of Quicacha, Peru",earthquake,us
412,us6000f0wq,0,2.0,2021-07-30T03:32:48.072Z,41.6829,-81.4487,5.0,2.0,ml,106.0,us,2021-08-05T13:47:04.868Z,"1 km NNW of Timberlake, Ohio",earthquake,us
413,ci39757863,0,5.0,2021-07-30T03:29:35.780Z,32.9426667,-117.7371667,13.61,2.69,ml,235.0,ci,2021-07-31T02:12:35.040Z,"43km WSW of Encinitas, CA",earthquake,ci
414,nc73602186,0,4.0,2021-07-30T03:11:08.240Z,38.8233337,-122.8030014,2.79,2.56,md,32.0,nc,2021-07-30T13:25:46.007Z,"6km NW of The Geysers, CA",earthquake,nc
415,us6000f0fx,0,1.0,2021-07-30T00:18:37.887Z,-27.1216,-71.7289,10.0,4.6,mb,144.0,us,2021-08-15T21:30:12.436Z,"141 km WNW of Copiapó, Chile",earthquake,us
416,us6000f0fs,0,2.0,2021-07-29T23:47:25.920Z,29.6568,50.6575,10.0,4.5,mb,53.0,us,2021-08-07T23:38:23.418Z,"16 km ENE of Bandar-e Genāveh, Iran",earthquake,us
417,us6000f0ff,0,3.0,2021-07-29T23:04:42.385Z,18.1203,-102.6045,35.0,4.9,mb,100.0,us,2021-08-08T04:41:42.188Z,"27 km WNW of El Habillal, Mexico",earthquake,us
418,us6000f0ev,0,5.0,2021-07-29T22:03:05.180Z,-20.4881,-69.2088,100.21,4.2,mb,65.0,us,2021-08-08T04:13:09.942Z,"102 km ESE of Iquique, Chile",earthquake,us
419,pr2021210004,0,1.0,2021-07-29T21:41:22.090Z,18.0568,-66.8191,17.0,3.06,md,115.0,pr,2021-07-30T01:48:53.568Z,"4 km NE of Yauco, Puerto Rico",earthquake,pr
420,nn00816831,0,4.0,2021-07-29T14:23:29.113Z,38.0392,-118.6142,10.3,3.5,ml,63.77,nn,2021-07-30T14:25:31.874Z,"27 km NNW of Benton, California",earthquake,nn
421,us6000f07p,0,3.0,2021-07-29T12:57:47.125Z,39.731,-98.3741,5.0,3.2,mb_lg,136.0,us,2021-07-30T03:35:45.520Z,"11 km SSE of Esbon, Kansas",earthquake,us
422,ok2021osou,0,1.0,2021-07-29T09:25:42.590Z,36.6695,-98.14016667,5.0,2.03,ml,83.0,ok,2021-07-29T13:32:39.712Z,"3 km E of Jet, Oklahoma",earthquake,ok
423,us6000f051,0,13.0,2021-07-29T08:39:27.768Z,22.8753,96.024,10.0,5.5,mb,48.0,us,2021-08-18T08:21:09.023Z,"47 km NE of Shwebo, Myanmar",earthquake,us
424,nc73601666,0,2.0,2021-07-29T07:40:11.350Z,36.7055,-121.1888333,9.18,2.3,md,83.0,nc,2021-08-06T07:25:11.219Z,"15km SE of Tres Pinos, CA",earthquake,nc
425,us6000f2fk,0,1.0,2021-07-29T07:17:15.436Z,36.6841,141.5677,42.87,4.6,mb,139.0,us,2021-08-08T11:55:36.946Z,"73 km SE of Iwaki, Japan",earthquake,us
426,us6000f02b,0,1.0,2021-07-29T05:00:54.338Z,-53.9185,158.6965,10.0,5.4,mww,48.0,us,2021-07-30T05:05:02.722Z,Macquarie Island region,earthquake,us
427,nc73601461,0,2.0,2021-07-29T03:29:14.400Z,36.0216667,-120.5833333,4.03,2.31,md,78.0,nc,2021-08-05T23:46:12.417Z,"19km NW of Parkfield, CA",earthquake,nc
428,us6000f00j,0,1.0,2021-07-29T00:46:11.867Z,-8.3696,-79.9886,35.62,4.9,mb,126.0,us,2021-08-08T03:08:11.103Z,"94 km WSW of Santiago de Cao, Peru",earthquake,us
429,us6000f00e,0,7.0,2021-07-29T00:32:13.948Z,-8.3394,-79.9667,23.0,5.8,mww,54.0,us,2021-08-07T03:51:49.481Z,"90 km WSW of Santiago de Cao, Peru",earthquake,us
430,nc73601321,0,4.0,2021-07-28T23:50:23.280Z,38.567,-119.4621667,1.19,3.28,ml,78.0,nc,2021-08-06T04:14:43.040Z,"26km SSW of Smith Valley, NV",earthquake,nc
431,ok2021oroh,0,1.0,2021-07-28T20:04:43.719Z,36.19533333,-95.88166667,0.0,1.3,ml,206.0,ok,2021-07-28T20:17:06.620Z,"8 km SSW of Owasso, Oklahoma",quarry blast,ok
432,nc73601146,0,1.0,2021-07-28T19:38:57.680Z,38.522,-119.5236667,5.91,2.65,md,63.0,nc,2021-08-05T05:50:10.695Z,"30km SE of Markleeville, CA",earthquake,nc
433,pr2021209006,0,3.0,2021-07-28T18:41:43.140Z,18.5923,-66.392,109.0,3.54,md,204.0,pr,2021-08-16T16:58:34.928Z,"14 km NNW of Brenas, Puerto Rico",earthquake,pr
434,tx2021orfg,0,5.0,2021-07-28T15:28:04.029Z,31.60871654,-104.2582124,6.260107422,4.3,ml,58.0,tx,2021-08-10T14:53:01.578Z,"54 km NW of Toyah, Texas",earthquake,tx
435,nc73600926,0,23.0,2021-07-28T15:07:31.230Z,35.78,-120.3323333,8.53,3.4,mw,103.0,nc,2021-08-05T22:47:29.051Z,"7km NNW of Cholame, CA",earthquake,nc
436,ci39755863,0,8.0,2021-07-28T14:47:49.420Z,33.7813333,-116.1255,5.39,2.61,ml,35.0,ci,2021-08-04T08:40:52.040Z,"11km NE of Indio, CA",earthquake,ci
437,us6000eztm,0,2.0,2021-07-28T14:15:39.867Z,39.7396,-98.392,5.0,2.9,mb_lg,48.0,us,2021-07-28T21:28:11.787Z,"9 km SSE of Esbon, Kansas",earthquake,us
438,nc73600901,0,8.0,2021-07-28T14:14:20.010Z,38.2298333,-119.3795,10.7,3.18,ml,38.0,nc,2021-08-05T05:11:14.468Z,"13km WSW of Bridgeport, CA",earthquake,nc
439,hv72608887,0,5.0,2021-07-28T12:37:22.670Z,19.2171666666667,-155.416333333333,36.13,3.33,ml,141.0,hv,2021-08-03T17:18:40.162Z,"6 km ENE of Pāhala, Hawaii",earthquake,hv
440,us6000ezsx,0,5.0,2021-07-28T12:27:14.444Z,39.289,40.3319,10.0,4.1,mb,41.0,us,2021-07-29T12:34:52.980Z,"23 km SW of Yedisu, Turkey",earthquake,us
441,hv72608822,0,1.0,2021-07-28T11:56:34.080Z,19.1451663970947,-155.49983215332,33.8899993896484,2.11999989,md,150.0,hv,2021-07-28T12:02:21.111Z,"6 km SSW of Pāhala, Hawaii",earthquake,hv
442,us6000ezrk,0,1.0,2021-07-28T11:09:51.469Z,-18.6135,-70.6979,38.37,4.4,mb,141.0,us,2021-07-29T15:54:55.250Z,"44 km WSW of Arica, Chile",earthquake,us
443,nc73600841,0,199.0,2021-07-28T10:51:09.240Z,38.5555,-123.0123333,5.78,3.05,ml,108.0,nc,2021-08-02T13:57:52.909Z,"6km NNW of Guerneville, CA",earthquake,nc
444,us6000ezqq,0,1.0,2021-07-28T08:31:05.053Z,44.2886,-115.2079,11.7,2.2,ml,66.0,us,2021-07-29T09:24:52.048Z,"22 km WNW of Stanley, Idaho",earthquake,us
445,ci39755647,0,4.0,2021-07-28T07:53:09.190Z,33.9165,-117.9021667,7.88,2.08,ml,31.0,ci,2021-07-28T23:39:22.419Z,"0km W of Brea, CA",earthquake,ci
446,us6000ezpx,0,1.0,2021-07-28T04:44:21.251Z,-22.4418,-70.249,64.99,4.2,mb,176.0,us,2021-08-18T04:38:42.043Z,"39 km S of Tocopilla, Chile",earthquake,us
447,us6000eznt,0,3.0,2021-07-28T00:41:21.445Z,42.7467,46.5445,10.0,4.7,mb,45.0,us,2021-08-05T22:37:41.539Z,"15 km W of Ashil’ta, Russia",earthquake,us
448,us6000eznp,0,2.0,2021-07-28T00:24:02.582Z,25.9291,-109.8103,10.0,4.2,mb,187.0,us,2021-08-05T22:23:17.497Z,"47 km W of Las Grullas Margen Derecha, Mexico",earthquake,us
449,nc73600631,0,4.0,2021-07-27T23:33:32.640Z,38.5273333,-119.5071667,6.13,2.54,md,65.0,nc,2021-08-09T00:20:38.040Z,"31km SE of Markleeville, CA",earthquake,nc
450,us6000ezmy,0,3.0,2021-07-27T22:12:11.985Z,64.4807,-17.853,10.0,4.8,mb,61.0,us,2021-08-05T04:13:00.682Z,"129 km W of Höfn, Iceland",earthquake,us
451,us6000ezm3,0,7.0,2021-07-27T20:26:15.919Z,-15.4365,-173.2388,37.48,4.7,mb,64.0,us,2021-07-29T15:34:12.672Z,"82 km NE of Hihifo, Tonga",earthquake,us
452,nc73600486,0,4.0,2021-07-27T19:46:58.520Z,37.9735,-122.0323333,17.0,2.29,md,98.0,nc,2021-08-12T03:42:16.200Z,"2km WNW of Concord, CA",earthquake,nc
453,us6000ezkb,0,1.0,2021-07-27T16:58:38.975Z,-13.6427,-76.2638,49.23,4.4,mb,153.0,us,2021-08-03T19:11:12.393Z,"9 km NW of Pisco, Peru",earthquake,us
454,nc73600416,0,3.0,2021-07-27T16:31:12.260Z,38.5685,-119.4635,1.29,2.57,md,78.0,nc,2021-08-06T05:01:13.322Z,"26km SSW of Smith Valley, NV",earthquake,nc
455,us6000ezjt,0,2.0,2021-07-27T16:21:48.451Z,-8.8588,111.4054,49.62,4.9,mb,56.0,us,2021-08-03T18:33:11.744Z,"92 km SSW of Trenggalek, Indonesia",earthquake,us
456,hv72606582,0,1.0,2021-07-27T08:00:44.830Z,19.1765003204346,-155.479507446289,31.8199996948242,1.99000001,md,202.0,hv,2021-07-27T08:49:06.616Z,"2 km S of Pāhala, Hawaii",earthquake,hv
457,nn00816482,0,2.0,2021-07-27T07:11:02.598Z,38.1588,-117.892,8.8,2.9,ml,41.2,nn,2021-08-03T06:20:14.040Z,"31 km SE of Mina, Nevada",earthquake,nn
458,us6000ezdw,0,1.0,2021-07-27T05:37:51.134Z,34.5615,136.619,353.89,4.4,mb,34.0,us,2021-08-16T14:50:18.040Z,"11 km NW of Ise, Japan",earthquake,us
459,ci39754399,0,1.0,2021-07-27T05:20:03.790Z,34.3541667,-116.5176667,2.58,2.44,ml,35.0,ci,2021-08-16T14:22:29.245Z,"28km NNW of Yucca Valley, CA",earthquake,ci
460,se60350852,0,15.0,2021-07-27T05:02:08.480Z,35.839,-80.5421667,4.82,2.13,md,55.0,se,2021-08-02T04:45:49.977Z,"3 km NNE of Cooleemee, North Carolina",earthquake,se
461,nc73600096,0,1.0,2021-07-27T00:59:10.380Z,38.568,-119.465,1.81,2.21,md,78.0,nc,2021-08-04T23:33:37.378Z,"26km SSW of Smith Valley, NV",earthquake,nc
462,us6000ezce,0,1.0,2021-07-27T00:48:22.710Z,-24.0236,-67.1418,192.62,4.2,mb,86.0,us,2021-08-14T02:47:14.679Z,"86 km WNW of San Antonio de los Cobres, Argentina",earthquake,us
463,nc73600036,0,3.0,2021-07-26T21:40:11.540Z,38.5215,-119.4985,4.67,3.28,ml,65.0,nc,2021-08-04T22:55:17.040Z,"32km SE of Markleeville, CA",earthquake,nc
464,us6000ezb5,0,7.0,2021-07-26T21:09:59.724Z,38.7203,20.5218,10.0,4.1,mb,97.0,us,2021-08-04T22:38:49.445Z,"20 km SW of Lefkáda, Greece",earthquake,us
465,us6000ezay,0,44.0,2021-07-26T20:58:05.285Z,-33.4064,-71.8651,31.56,4.9,mwr,148.0,us,2021-08-12T18:33:18.315Z,"28 km NW of Cartagena, Chile",earthquake,us
466,us6000ezai,0,1.0,2021-07-26T20:19:22.539Z,37.3756,141.2536,92.47,4.6,mb,97.0,us,2021-08-12T18:14:03.157Z,"25 km ESE of Namie, Japan",earthquake,us
467,us6000ez5x,1,9.0,2021-07-26T12:09:06.607Z,-0.7479,121.9314,10.67,6.2,mww,36.0,us,2021-07-28T18:01:43.658Z,"97 km WNW of Luwuk, Indonesia",earthquake,us
468,nc73599781,0,4.0,2021-07-26T10:35:15.380Z,38.5236667,-122.5981667,8.8,2.13,md,41.0,nc,2021-08-05T11:27:12.918Z,"6km SSW of Calistoga, CA",earthquake,nc
469,ci39753207,0,104.0,2021-07-26T08:21:18.440Z,35.2038333,-118.5116667,5.5,3.21,ml,32.0,ci,2021-07-30T22:11:56.239Z,"10km NW of Tehachapi, CA",earthquake,ci
470,us6000ez3j,0,7.0,2021-07-26T05:03:30.819Z,24.5629,94.4303,66.8,4.9,mb,32.0,us,2021-07-26T14:54:18.141Z,"37 km E of Wāngjing, India",earthquake,us
471,us6000ez2l,0,1.0,2021-07-26T03:52:03.111Z,-0.69,121.9252,15.19,5.8,mww,16.0,us,2021-08-04T04:35:11.349Z,"100 km WNW of Luwuk, Indonesia",earthquake,us
472,us6000ez2j,0,1.0,2021-07-26T03:48:10.146Z,7.4416,-82.7365,10.0,4.6,mb,161.0,us,2021-08-04T04:14:12.706Z,"66 km SSE of Punta de Burica, Panama",earthquake,us
473,us6000ez24,0,5.0,2021-07-26T02:16:16.171Z,41.4855,142.0546,59.1,5.2,mww,78.0,us,2021-08-03T04:15:08.559Z,"73 km ENE of Mutsu, Japan",earthquake,us
474,nc73599586,0,9.0,2021-07-26T01:21:52.000Z,39.6683333,-122.8501667,4.67,3.16,ml,46.0,nc,2021-07-29T02:14:23.040Z,"11km W of Alder Springs, CA",earthquake,nc
475,us6000ez1r,0,5.0,2021-07-26T01:05:15.517Z,-32.5489,-65.654,10.0,4.5,mb,65.0,us,2021-08-02T03:07:28.588Z,"33 km SE of Luján, Argentina",earthquake,us
476,nc73599501,0,1.0,2021-07-25T21:56:18.360Z,38.5101667,-119.5235,4.82,1.5,md,82.0,nc,2021-08-04T21:22:42.936Z,"31km SE of Markleeville, CA",earthquake,nc
477,us6000ez0a,0,5.0,2021-07-25T20:55:05.852Z,37.0803,36.4652,10.0,4.2,mb,133.0,us,2021-07-26T07:07:02.691Z,"8 km SW of Hasanbeyli, Turkey",earthquake,us
478,ok2021ombt,0,2.0,2021-07-25T20:01:01.970Z,35.12116667,-95.34433333,7.18,2.28,ml,79.0,ok,2021-07-26T14:13:45.327Z,Oklahoma,earthquake,ok
479,pr2021206010,0,8.0,2021-07-25T19:46:44.620Z,18.3968,-65.157,23.0,3.47,md,327.0,pr,2021-07-25T23:47:01.135Z,"18 km NE of Culebra, Puerto Rico",earthquake,pr
480,us6000ez0w,0,2.0,2021-07-25T17:57:29.830Z,37.064,36.4077,10.0,3.3,ml,112.0,us,2021-07-26T04:07:06.275Z,"14 km WSW of Hasanbeyli, Turkey",earthquake,us
481,nc73599371,0,2.0,2021-07-25T16:11:37.490Z,37.7938333,-122.571,4.31,2.13,md,90.0,nc,2021-08-05T00:07:11.586Z,"8km S of Muir Beach, CA",earthquake,nc
482,us6000eyy4,0,3.0,2021-07-25T15:09:21.630Z,27.3429,88.3092,10.0,4.5,mb,79.0,us,2021-08-01T21:14:02.498Z,"7 km NE of Gyalshing, India",earthquake,us
483,us6000eyxz,0,2.0,2021-07-25T14:41:31.765Z,12.5307,143.3642,10.0,4.9,mb,29.0,us,2021-08-01T21:10:07.790Z,"163 km WSW of Merizo Village, Guam",earthquake,us
484,nc73599236,0,1.0,2021-07-25T07:47:10.330Z,38.4973333,-119.5338333,4.09,1.64,md,74.0,nc,2021-08-04T19:53:07.232Z,"31km SE of Markleeville, CA",earthquake,nc
485,us6000eyux,0,3.0,2021-07-25T05:21:32.145Z,15.9732,-92.2809,204.06,5.0,mww,90.0,us,2021-07-25T20:54:11.156Z,"6 km NNE of Nueva América, Mexico",earthquake,us
486,us6000ez20,0,34.0,2021-07-25T04:41:41.896Z,42.528,-70.9543,5.0,1.4,ml,162.0,us,2021-08-05T15:32:46.127Z,"2 km N of South Peabody, Massachusetts",earthquake,us
487,us6000eyua,0,5.0,2021-07-25T04:25:58.087Z,23.959,-108.5794,10.0,4.6,mb,168.0,us,2021-07-25T09:52:03.040Z,"99 km SW of Altata, Mexico",earthquake,us
488,us6000eytv,0,12.0,2021-07-25T03:38:57.045Z,23.8699,-108.6415,9.62,5.4,mww,161.0,us,2021-07-30T22:04:46.018Z,"100 km ENE of La Rivera, Mexico",earthquake,us
489,pr2021206003,0,0.0,2021-07-25T03:11:25.080Z,19.2341,-64.7695,36.0,3.51,md,322.0,pr,2021-07-25T20:01:58.417Z,"99 km N of Cruz Bay, U.S. Virgin Islands",earthquake,pr
490,ci39752279,0,2.0,2021-07-25T01:48:32.660Z,32.4383333,-118.1995,24.63,2.85,ml,242.0,ci,2021-07-26T16:19:17.401Z,"45km SSE of San Clemente Is. (SE tip), CA",earthquake,ci
491,us6000eytb,0,3.0,2021-07-25T01:45:34.855Z,-19.8843,-69.9492,54.27,3.2,ml,146.0,us,2021-07-25T22:15:41.191Z,"42 km NNE of Iquique, Chile",earthquake,us
492,nm60131823,0,2.0,2021-07-25T00:23:22.420Z,36.4546667,-92.844,2.5,2.44,md,69.0,nm,2021-08-06T01:47:08.040Z,"6 km E of Diamond City, Arkansas",earthquake,nm
493,us6000eysk,0,1.0,2021-07-24T23:23:17.567Z,-27.9148,-66.8578,186.27,4.3,mb,90.0,us,2021-08-05T23:24:52.272Z,"35 km SE of Londres, Argentina",earthquake,us
494,nc73599001,0,1.0,2021-07-24T23:06:10.140Z,40.2863333,-124.42,32.05,2.93,md,239.0,nc,2021-08-05T22:22:22.040Z,"12km WSW of Petrolia, CA",earthquake,nc
495,pr2021205005,0,1.0,2021-07-24T19:34:22.280Z,18.4636,-67.2126,19.0,3.09,md,194.0,pr,2021-08-03T03:11:53.040Z,"7 km WNW of Aguadilla, Puerto Rico",earthquake,pr
496,us6000eynv,0,2.0,2021-07-24T13:55:58.534Z,-34.3455,-73.6104,10.0,4.9,mb,99.0,us,2021-07-24T15:17:14.655Z,"155 km NW of Constitución, Chile",earthquake,us
497,hv72601927,0,1.0,2021-07-24T13:25:28.660Z,19.387,-155.241333333333,1.53,2.42,ml,70.0,hv,2021-07-28T22:11:07.094Z,"6 km S of Volcano, Hawaii",earthquake,hv
498,us6000eyng,0,1.0,2021-07-24T13:19:56.357Z,-8.0839,156.4603,86.22,5.1,mb,98.0,us,2021-07-24T14:36:08.302Z,"42 km W of Gizo, Solomon Islands",earthquake,us
499,us6000eyne,0,1.0,2021-07-24T13:07:23.396Z,2.8792,126.6268,66.34,5.3,mww,81.0,us,2021-07-24T13:31:02.222Z,"199 km NW of Tobelo, Indonesia",earthquake,us
500,us6000eynb,0,11.0,2021-07-24T12:51:28.715Z,-29.9688,-176.9274,7.03,6.1,mww,57.0,us,2021-07-26T03:38:07.861Z,Kermadec Islands region,earthquake,us
501,nc73598706,0,1.0,2021-07-24T11:51:07.660Z,36.5198333,-121.7611667,10.43,2.16,md,95.0,nc,2021-08-04T02:33:22.877Z,"2km NNE of Carmel Valley Village, CA",earthquake,nc
502,nc73598641,0,1.0,2021-07-24T08:19:30.880Z,38.5321667,-119.5305,4.01,1.62,md,66.0,nc,2021-08-03T22:28:29.944Z,"29km SE of Markleeville, CA",earthquake,nc
503,tx2021ojit,0,1.0,2021-07-24T08:08:43.133Z,28.52874756,-98.63913143,4.03503418,3.2,ml,78.0,tx,2021-08-08T11:18:31.040Z,"11 km NW of Tilden, Texas",earthquake,tx
504,nc73598621,0,1.0,2021-07-24T06:44:05.260Z,38.4766667,-119.4966667,7.9,2.46,md,71.0,nc,2021-08-08T06:05:10.040Z,"33km ENE of Dardanelle, CA",earthquake,nc
505,hv72601422,0,1.0,2021-07-24T05:51:19.050Z,20.0371666666667,-155.5975,39.37,2.63,ml,183.0,hv,2021-08-08T05:21:54.096Z,"8 km E of Waimea, Hawaii",earthquake,hv
506,nn00815966,0,2.0,2021-07-24T05:34:46.751Z,38.1729,-116.7154,1.0,3.8,ml,106.33,nn,2021-08-08T05:15:29.080Z,"46 km ENE of Tonopah, Nevada",earthquake,nn
507,us6000eykn,0,1.0,2021-07-24T04:51:20.901Z,12.9422,-88.9044,59.29,4.6,mb,168.0,us,2021-07-24T05:08:45.557Z,"53 km SW of Puerto El Triunfo, El Salvador",earthquake,us
508,us6000eyki,0,4.0,2021-07-24T03:59:55.937Z,41.4601,-29.2493,10.0,4.8,mb,62.0,us,2021-07-25T03:00:07.916Z,"273 km NE of Santa Cruz das Flores, Portugal",earthquake,us
509,ok2021oixx,0,1.0,2021-07-24T02:40:07.419Z,35.1025,-95.3835,6.27,2.3,ml,70.0,ok,2021-07-26T13:08:44.235Z,"2 km SSW of Quinton, Oklahoma",earthquake,ok
510,us6000eyk0,0,1.0,2021-07-24T02:29:06.659Z,-22.6362,-68.3966,115.73,4.0,mb,41.0,us,2021-07-24T04:42:56.088Z,"36 km NNW of San Pedro de Atacama, Chile",earthquake,us
511,us6000eyjz,0,3.0,2021-07-24T02:27:58.243Z,45.4441,-74.1342,16.83,1.9,mb_lg,101.0,us,2021-08-01T21:13:44.848Z,"1 km ESE of Hudson, Canada",earthquake,us
512,us6000eyju,0,64.0,2021-07-24T02:07:37.985Z,35.2127,25.2601,7.52,5.0,mww,43.0,us,2021-07-26T16:59:21.377Z,"3 km NW of Thrapsanón, Greece",earthquake,us
513,nc73598511,0,4.0,2021-07-24T01:43:46.790Z,35.8776667,-121.49,11.54,2.51,md,182.0,nc,2021-08-04T01:03:13.211Z,"17km SSE of Lopez Point, CA",earthquake,nc
514,us6000eyj7,0,1.0,2021-07-23T23:13:52.380Z,-26.6311,-175.6074,10.0,5.5,mww,53.0,us,2021-07-24T23:16:52.471Z,south of Tonga,earthquake,us
515,us6000eyiz,0,1.0,2021-07-23T22:52:27.208Z,39.5192,15.4311,263.31,4.4,mb,58.0,us,2021-08-14T03:06:15.639Z,"38 km WSW of Diamante, Italy",earthquake,us
516,us6000eyit,0,0.0,2021-07-23T22:13:55.352Z,12.934,-88.8513,58.18,4.2,mb,157.0,us,2021-07-24T05:09:02.572Z,"50 km SW of Puerto El Triunfo, El Salvador",earthquake,us
517,pr2021204008,0,1.0,2021-07-23T22:01:25.800Z,17.9525,-65.9688,32.0,3.03,md,204.0,pr,2021-07-24T23:37:37.040Z,"3 km SSE of Lamboglia, Puerto Rico",earthquake,pr
518,us6000eyip,0,1.0,2021-07-23T21:55:49.714Z,31.7581,139.6253,151.7,4.4,mb,121.0,us,2021-08-14T03:49:40.101Z,"Izu Islands, Japan region",earthquake,us
519,us6000eyfn,0,31.0,2021-07-23T20:57:18.905Z,13.7929,120.7336,122.15,5.8,mww,21.0,us,2021-07-26T12:24:11.923Z,"6 km SSE of Hukay, Philippines",earthquake,us
520,us6000eyfk,1,315.0,2021-07-23T20:48:57.348Z,13.7007,120.7392,110.0,6.7,mww,13.0,us,2021-08-13T15:18:20.256Z,"14 km WNW of Tingloy, Philippines",earthquake,us
521,nc73598386,0,2.0,2021-07-23T20:09:51.770Z,40.3193333,-124.3693333,28.75,2.69,md,222.0,nc,2021-08-03T23:51:12.785Z,"7km W of Petrolia, CA",earthquake,nc
522,us6000eyf0,0,1.0,2021-07-23T20:03:11.891Z,8.3528,-82.8574,15.73,4.4,mb,149.0,us,2021-07-23T20:37:51.569Z,"3 km SSE of Finca Blanco, Panama",earthquake,us
523,nc73598366,0,1.0,2021-07-23T19:47:49.640Z,38.4708333,-119.4941667,7.67,3.17,ml,56.0,nc,2021-08-03T05:20:10.418Z,"33km ENE of Dardanelle, CA",earthquake,nc
524,us6000eyf4,0,1.0,2021-07-23T19:44:07.638Z,40.7654,83.0357,10.0,4.5,mb,86.0,us,2021-07-24T05:33:56.815Z,"106 km S of Kuqa, China",earthquake,us
525,nc73598301,0,4.0,2021-07-23T18:34:30.600Z,35.9725,-120.5275,7.81,2.64,md,56.0,nc,2021-08-03T21:08:11.200Z,"12km NW of Parkfield, CA",earthquake,nc
526,nn00815835,0,2.0,2021-07-23T15:51:03.645Z,38.531,-119.5338,4.3,1.0,ml,97.83,nn,2021-07-23T16:12:20.103Z,"4 km SSW of Coleville, California",earthquake,nn
527,nc73598166,0,1.0,2021-07-23T13:43:38.040Z,38.5481667,-119.5231667,4.38,2.52,md,68.0,nc,2021-08-03T20:35:13.964Z,"28km ESE of Markleeville, CA",earthquake,nc
528,nn00815814,0,2.0,2021-07-23T12:59:53.086Z,38.1954,-117.8927,7.0,1.1,ml,115.27,nn,2021-07-23T16:40:38.257Z,"28 km SE of Mina, Nevada",earthquake,nn
529,nc73598126,0,1.0,2021-07-23T11:38:18.500Z,38.5273333,-119.4628333,2.39,2.84,md,69.0,nc,2021-08-10T09:05:31.040Z,"30km SSW of Smith Valley, NV",earthquake,nc
530,us6000ey8r,0,1.0,2021-07-23T10:51:05.856Z,59.7112,-136.449,12.73,2.6,ml,106.0,us,2021-07-30T05:20:26.849Z,"28 km NW of Mosquito Lake, Alaska",earthquake,us
531,ok2021ohle,0,1.0,2021-07-23T07:05:23.960Z,35.12316667,-95.34633333,6.74,1.95,ml,79.0,ok,2021-07-23T12:45:48.789Z,"2 km E of Quinton, Oklahoma",earthquake,ok
532,hv72599712,0,1.0,2021-07-23T06:10:41.940Z,19.1571674346924,-155.469665527344,32.3499984741211,2.21000004,md,159.0,hv,2021-07-23T07:16:40.529Z,"5 km S of Pāhala, Hawaii",earthquake,hv
533,nn00815754,0,5.0,2021-07-23T04:40:59.175Z,38.5723,-119.4466,4.1,0.3,ml,80.95,nn,2021-07-23T16:21:44.691Z,"5 km E of Coleville, California",earthquake,nn
534,us6000ey6s,0,1.0,2021-07-23T04:05:40.205Z,79.6889,3.6492,10.0,5.5,mww,53.0,us,2021-07-24T04:11:31.885Z,Greenland Sea,earthquake,us
535,tx2021ohec,0,1.0,2021-07-23T03:31:44.761Z,31.66749355,-104.3838042,7.005639647999999,2.7,ml,60.0,tx,2021-07-23T14:17:55.596Z,"56 km S of Whites City, New Mexico",earthquake,tx
536,hv72599207,0,1.0,2021-07-23T01:26:38.810Z,19.3588333333333,-155.207833333333,-0.07,2.74,ml,87.0,hv,2021-07-23T01:48:22.040Z,"9 km SSE of Volcano, Hawaii",earthquake,hv
537,tx2021ogyy,0,12.0,2021-07-23T00:54:50.484Z,32.10296631,-102.0956793,8.779256185,2.8,ml,77.0,tx,2021-07-29T10:52:43.378Z,"11 km N of Midland, Texas",earthquake,tx
538,ci39750103,0,6.0,2021-07-22T20:14:11.140Z,34.028,-117.5993333,15.51,2.46,ml,21.0,ci,2021-08-03T18:14:04.040Z,"4km SE of Ontario, CA",earthquake,ci
539,nn00815699,0,1.0,2021-07-22T19:43:56.959Z,38.1769,-117.9097,3.0,2.1,ml,105.41,nn,2021-07-22T20:22:33.936Z,"29 km SE of Mina, Nevada",earthquake,nn
540,nc73597676,0,6.0,2021-07-22T19:19:58.680Z,38.9415,-122.0228333,16.22,2.52,md,48.0,nc,2021-08-17T21:39:35.040Z,"8km NW of Dunnigan, CA",earthquake,nc
541,us6000ey2u,0,1.0,2021-07-22T18:53:05.899Z,38.4973,-119.546,5.12,2.4,ml,25.0,us,2021-08-03T14:20:26.206Z,"6 km WSW of Walker, California",earthquake,us
542,nc73597641,0,1.0,2021-07-22T18:16:59.070Z,38.5318333,-119.5265,3.5,2.72,md,64.0,nc,2021-08-04T17:17:40.040Z,"29km SE of Markleeville, CA",earthquake,nc
543,us6000ey1q,0,5.0,2021-07-22T16:49:37.769Z,39.8139,20.6756,22.49,4.6,mb,38.0,us,2021-08-18T23:08:43.048Z,Greece-Albania border region,earthquake,us
544,us6000exyx,0,2.0,2021-07-22T14:16:29.499Z,36.3524,27.0556,41.61,4.8,mb,58.0,us,2021-08-15T15:01:26.190Z,"29 km SSW of Mandráki, Greece",earthquake,us
545,us6000exyc,0,1.0,2021-07-22T13:12:31.006Z,53.4965,-162.7814,25.52,4.4,mb,225.0,us,2021-08-15T14:56:35.682Z,"156 km SSE of False Pass, Alaska",earthquake,us
546,us6000exy4,0,4.0,2021-07-22T12:51:45.635Z,7.5293,-82.8316,10.0,5.1,mww,69.0,us,2021-08-16T11:58:04.584Z,"55 km S of Punta de Burica, Panama",earthquake,us
547,tx2021ogbb,0,1.0,2021-07-22T12:50:53.072Z,29.1229248,-97.72403493,8.363525391,2.8,ml,59.0,tx,2021-07-24T06:57:53.849Z,"16 km SSE of Nixon, Texas",earthquake,tx
548,ok2021ofuf,0,6.0,2021-07-22T09:23:17.010Z,35.12183333,-95.34,7.55,3.34,ml,80.0,ok,2021-08-18T11:36:20.183Z,"2 km E of Quinton, Oklahoma",earthquake,ok
549,ok2021ofts,0,1.0,2021-07-22T09:08:58.399Z,35.1245,-95.34083333,7.8,2.66,ml,80.0,ok,2021-08-18T07:12:46.040Z,"2 km E of Quinton, Oklahoma",earthquake,ok
550,ci39749367,0,1.0,2021-07-22T08:57:59.700Z,34.7208333,-120.4356667,2.6,2.01,ml,119.0,ci,2021-07-22T19:02:36.420Z,"3km ENE of Vandenberg Village, CA",earthquake,ci
551,hv72597387,0,5.0,2021-07-22T04:53:16.870Z,19.3938333333333,-155.253166666667,0.85,1.83,ml,54.0,hv,2021-07-23T04:23:44.040Z,"5 km SSW of Volcano, Hawaii",earthquake,hv
552,ci39749199,0,11.0,2021-07-22T04:29:19.830Z,32.8135,-115.4658333,14.07,2.89,ml,33.0,ci,2021-07-22T23:45:16.040Z,"8km W of Holtville, CA",earthquake,ci
553,pr2021203002,0,1.0,2021-07-22T04:16:41.120Z,18.2105,-67.2395,119.0,3.18,md,161.0,pr,2021-07-22T13:33:45.527Z,"10 km SSW of La Playa, Puerto Rico",earthquake,pr
554,ci39749151,0,12.0,2021-07-22T03:50:50.750Z,32.812,-115.46,11.68,2.97,ml,33.0,ci,2021-07-23T03:31:14.040Z,"7km W of Holtville, CA",earthquake,ci
555,ci39749135,0,5.0,2021-07-22T03:48:11.930Z,32.8135,-115.4641667,11.27,2.88,ml,34.0,ci,2021-07-23T03:15:54.040Z,"8km W of Holtville, CA",earthquake,ci
556,us6000exuz,0,1.0,2021-07-22T03:29:41.500Z,-21.8466,-68.6026,139.16,4.4,mb,38.0,us,2021-08-17T02:18:00.733Z,"75 km NNE of Calama, Chile",earthquake,us
557,nc73597286,0,3.0,2021-07-22T03:12:03.390Z,38.8086667,-119.7966667,6.28,2.75,md,37.0,nc,2021-08-17T02:04:14.040Z,"2km NNE of Mesa Vista, CA",earthquake,nc
558,us6000exuv,0,4.0,2021-07-22T02:51:05.619Z,7.2129,-82.9622,10.0,4.6,mb,215.0,us,2021-08-17T02:00:34.602Z,"91 km S of Punta de Burica, Panama",earthquake,us
559,ci39749071,0,1.0,2021-07-22T02:48:57.440Z,34.222,-117.5816667,6.44,1.98,ml,27.0,ci,2021-07-22T13:22:36.510Z,"9km WSW of Lytle Creek, CA",earthquake,ci
560,us6000exum,0,1.0,2021-07-22T02:24:58.569Z,-14.879,166.9408,35.0,5.5,mww,33.0,us,2021-08-17T02:33:55.986Z,"22 km NW of Port-Olry, Vanuatu",earthquake,us
561,hv72597137,0,26.0,2021-07-22T02:11:04.970Z,19.3591666666667,-155.254666666667,25.0,3.43,ml,60.0,hv,2021-07-27T02:10:07.307Z,"9 km SSW of Volcano, Hawaii",earthquake,hv
562,hv72597132,0,0.0,2021-07-22T02:10:46.740Z,19.2088333333333,-155.456,35.12,2.27,md,111.0,hv,2021-07-22T02:40:17.790Z,"2 km ENE of Pāhala, Hawaii",earthquake,hv
563,hv72597127,0,2.0,2021-07-22T02:10:27.930Z,19.205,-155.438,33.33,2.05,md,136.0,hv,2021-07-22T02:48:35.167Z,"4 km E of Pāhala, Hawaii",earthquake,hv
564,us6000extw,0,2.0,2021-07-22T01:28:26.215Z,11.492,-86.912,35.0,5.2,mww,50.0,us,2021-08-17T02:52:32.046Z,"54 km SW of Masachapa, Nicaragua",earthquake,us
565,hv72597052,0,1.0,2021-07-22T01:17:18.760Z,19.3941666666667,-155.277333333333,1.23,1.83,ml,46.0,hv,2021-07-22T23:29:26.440Z,"7 km SW of Volcano, Hawaii",earthquake,hv
566,us6000extq,0,7.0,2021-07-22T01:12:50.448Z,49.4196,106.8771,10.0,4.1,mb,89.0,us,2021-08-17T02:58:04.418Z,"69 km E of Darhan, Mongolia",earthquake,us
567,nc73597191,0,5.0,2021-07-22T00:56:14.630Z,38.8313333,-122.803,1.93,0.27,md,44.0,nc,2021-07-29T23:32:56.311Z,"7km W of Cobb, CA",earthquake,nc
568,us6000exth,0,1.0,2021-07-22T00:48:02.952Z,38.9612,26.0722,14.8,4.3,mb,39.0,us,2021-08-03T02:48:59.443Z,near the coast of western Turkey,earthquake,us
569,nc73597156,0,10.0,2021-07-21T23:33:38.850Z,38.5145,-119.5325,4.99,3.24,ml,61.0,nc,2021-08-03T02:31:16.040Z,"30km SE of Markleeville, CA",earthquake,nc
570,us6000exsn,0,2.0,2021-07-21T22:25:58.887Z,7.4006,-82.7753,10.0,4.9,mb,64.0,us,2021-08-03T00:47:23.706Z,"70 km S of Punta de Burica, Panama",earthquake,us
571,nc73597061,0,2.0,2021-07-21T21:56:14.860Z,38.8316667,-122.8181667,1.49,2.26,md,49.0,nc,2021-07-29T23:17:13.774Z,"8km NW of The Geysers, CA",earthquake,nc
572,us6000exs9,0,2.0,2021-07-21T21:34:38.942Z,7.772,-82.8081,10.0,4.6,mb,74.0,us,2021-08-01T04:32:34.475Z,"29 km SSE of Punta de Burica, Panama",earthquake,us
573,nn00815526,0,1.0,2021-07-21T21:24:41.457Z,38.147,-118.0182,2.5,1.3,ml,153.73,nn,2021-07-21T22:43:03.309Z,"28 km SSE of Mina, Nevada",earthquake,nn
574,us6000exs5,1,225.0,2021-07-21T21:15:12.265Z,7.3902,-82.7821,10.0,6.7,mww,61.0,us,2021-08-10T16:19:20.299Z,"71 km S of Punta de Burica, Panama",earthquake,us
575,hv72596677,0,2.0,2021-07-21T20:30:28.350Z,19.213,-155.417166666667,36.41,3.15,ml,142.0,hv,2021-08-03T13:35:15.040Z,"6 km E of Pāhala, Hawaii",earthquake,hv
576,us6000exq7,0,1.0,2021-07-21T17:44:01.665Z,-2.9186,119.3918,12.77,5.2,mww,23.0,us,2021-08-04T18:01:58.322Z,"56 km W of Rantepao, Indonesia",earthquake,us
577,tx2021oeok,0,5.0,2021-07-21T17:19:01.611Z,29.16412354,-97.6216682,4.866495768,3.1,ml,54.0,tx,2021-07-23T19:02:59.476Z,"11 km S of Smiley, Texas",earthquake,tx
578,us6000expf,0,3.0,2021-07-21T16:23:57.052Z,-21.7141,-68.6571,103.64,4.9,mww,46.0,us,2021-07-29T01:45:46.680Z,"86 km NNE of Calama, Chile",earthquake,us
579,us6000exn3,0,1.0,2021-07-21T15:07:35.214Z,-5.2125,-78.9765,31.87,4.9,mb,82.0,us,2021-07-28T23:02:48.880Z,"7 km SSE of San Ignacio, Peru",earthquake,us
580,ok2021oehp,0,2.0,2021-07-21T13:54:47.060Z,36.52516667,-99.00466667,7.72,1.62,ml,67.0,ok,2021-07-23T16:53:40.153Z,"8 km NNE of Quinlan, Oklahoma",earthquake,ok
581,us6000exmn,0,1.0,2021-07-21T13:31:54.631Z,9.4314,138.2903,10.0,4.9,mb,77.0,us,2021-07-26T09:15:03.728Z,"20 km ESE of Colonia, Micronesia",earthquake,us
582,tx2021oeey,0,1.0,2021-07-21T12:31:14.449Z,31.60852126,-103.9865508,9.087988281,2.5,ml,113.0,tx,2021-08-15T11:30:04.040Z,"37 km NNW of Toyah, Texas",earthquake,tx
583,hv72595757,0,1.0,2021-07-21T11:10:40.080Z,19.1873340606689,-155.502334594727,35.2200012207031,2.03,ml,131.0,hv,2021-08-14T08:52:33.040Z,"3 km SW of Pāhala, Hawaii",earthquake,hv
584,nc73596741,0,3.0,2021-07-21T10:36:37.840Z,40.4371667,-124.9236667,15.31,2.79,md,254.0,nc,2021-08-13T12:53:20.040Z,"56km WNW of Petrolia, CA",earthquake,nc
585,nc73596726,0,25.0,2021-07-21T10:05:30.050Z,40.2773333,-124.4131667,35.38,4.35,mw,230.0,nc,2021-08-13T09:06:33.072Z,"12km WSW of Petrolia, CA",earthquake,nc
586,nc73596711,0,1.0,2021-07-21T09:36:13.460Z,38.5366667,-119.4646667,1.24,2.32,md,70.0,nc,2021-07-30T17:29:16.656Z,"29km SSW of Smith Valley, NV",earthquake,nc
587,hv72595567,0,1.0,2021-07-21T09:20:50.480Z,19.2175006866455,-155.451171875,35.3600006103516,2.1500001,md,113.0,hv,2021-07-21T09:32:49.973Z,"3 km ENE of Pāhala, Hawaii",earthquake,hv
588,nc73596656,0,1.0,2021-07-21T07:51:39.240Z,38.78,-122.9213333,4.59,2.24,md,85.0,nc,2021-07-29T20:41:11.797Z,"9km ESE of Cloverdale, CA",earthquake,nc
589,nc73596526,0,1.0,2021-07-21T04:21:09.380Z,38.5133333,-119.512,5.69,2.9,md,76.0,nc,2021-08-16T04:10:18.040Z,"32km SE of Markleeville, CA",earthquake,nc
590,nc73596516,0,3.0,2021-07-21T03:50:11.260Z,38.5143333,-119.5108333,5.85,3.09,ml,75.0,nc,2021-08-16T04:08:13.040Z,"32km SE of Markleeville, CA",earthquake,nc
591,us6000exi5,0,6.0,2021-07-21T02:02:39.743Z,-20.9234,-69.8943,87.03,4.2,mb,135.0,us,2021-07-30T03:06:58.358Z,"83 km SSE of Iquique, Chile",earthquake,us
592,nc73596441,0,59.0,2021-07-21T01:29:16.060Z,36.7776667,-121.5268333,9.93,2.87,md,45.0,nc,2021-07-30T02:51:25.040Z,"8km S of San Juan Bautista, CA",earthquake,nc
593,us6000exhn,0,32.0,2021-07-20T23:57:14.686Z,9.8321,-84.0823,8.87,3.9,mb,138.0,us,2021-07-28T04:41:07.930Z,"2 km SSE of Salitrillos, Costa Rica",earthquake,us
594,us6000exhl,0,8.0,2021-07-20T23:54:26.195Z,29.3261,70.0484,10.0,5.2,mww,39.0,us,2021-07-28T04:33:06.006Z,"36 km NW of Rajanpur, Pakistan",earthquake,us
595,us6000exhg,0,0.0,2021-07-20T23:16:39.618Z,23.7897,65.3737,10.0,4.1,mb,213.0,us,2021-07-28T04:06:41.040Z,"174 km SSE of Ormara, Pakistan",earthquake,us
596,hv72594612,0,1.0,2021-07-20T22:44:57.500Z,19.2148342132568,-155.431838989258,31.75,2.00999999,md,135.0,hv,2021-07-20T22:51:52.473Z,"5 km ENE of Pāhala, Hawaii",earthquake,hv
597,nc73596316,0,3.0,2021-07-20T21:35:50.720Z,38.5138333,-119.467,0.51,2.14,md,93.0,nc,2021-07-30T09:43:36.461Z,"32km SSW of Smith Valley, NV",earthquake,nc
598,us6000exg0,0,0.0,2021-07-20T20:26:46.130Z,5.6101,126.7376,87.68,5.2,mww,46.0,us,2021-08-18T22:33:06.040Z,"103 km SE of Pondaguitan, Philippines",earthquake,us
599,hv72594302,0,1.0,2021-07-20T19:25:11.120Z,19.2045001983643,-155.421493530273,34.9300003051758,2.21,ml,146.0,hv,2021-07-20T19:36:49.186Z,"6 km E of Pāhala, Hawaii",earthquake,hv
600,ok2021ocuv,0,1.0,2021-07-20T18:17:16.480Z,35.38816667,-97.92083333,5.04,1.74,ml,55.0,ok,2021-07-20T18:26:18.710Z,"1 km ESE of Union City, Oklahoma",earthquake,ok
601,us7000enrp,0,3.0,2021-07-20T17:44:15.108Z,35.1028,25.2108,12.46,4.2,mb,51.0,us,2021-08-18T19:47:32.025Z,"6 km SW of Arkalochóri, Greece",earthquake,us
602,ci39747359,0,1.0,2021-07-20T17:01:23.940Z,36.2203333,-117.8721667,4.98,2.67,ml,67.0,ci,2021-07-22T16:08:35.490Z,"14km ESE of Olancha, CA",earthquake,ci
603,us7000enqb,0,2.0,2021-07-20T13:33:56.078Z,25.8123,128.3966,10.0,4.4,mb,58.0,us,2021-07-27T14:22:55.785Z,"77 km SE of Katsuren-haebaru, Japan",earthquake,us
604,nc73596061,0,1.0,2021-07-20T12:54:19.460Z,38.8203333,-122.7611667,1.78,1.95,md,46.0,nc,2021-07-30T21:15:42.680Z,"3km W of Cobb, CA",earthquake,nc
605,hv72593792,0,1.0,2021-07-20T12:47:26.620Z,19.234167098999,-155.417327880859,32.1100006103516,2.43,ml,130.0,hv,2021-08-18T10:34:11.040Z,"7 km ENE of Pāhala, Hawaii",earthquake,hv
606,uw61755951,0,38.0,2021-07-20T10:49:38.130Z,48.853,-122.467,19.47,2.58,ml,113.0,uw,2021-07-26T08:52:18.040Z,"9 km E of Ferndale, Washington",earthquake,uw
607,ci39746767,0,2.0,2021-07-20T05:12:50.460Z,36.8405,-117.4283333,1.31,2.84,ml,48.0,ci,2021-08-17T21:53:53.040Z,"36km NW of Stovepipe Wells, CA",earthquake,ci
608,us7000enma,0,1.0,2021-07-20T05:05:27.472Z,38.385,23.3086,10.0,4.3,mb,66.0,us,2021-08-17T21:52:41.880Z,"6 km N of Thívai, Greece",earthquake,us
609,us7000enm4,0,1.0,2021-07-20T04:37:27.175Z,56.3661,-148.6568,22.35,2.8,ml,189.0,us,2021-07-22T01:58:30.040Z,"260 km ESE of Chiniak, Alaska",earthquake,us
610,us7000enlg,0,1.0,2021-07-20T03:05:26.378Z,-35.35,-71.4414,98.13,4.1,mb,85.0,us,2021-08-13T03:52:05.794Z,"Maule, Chile",earthquake,us
