,Actual Depth,Predicted Depth
0,-0.44,-0.17800000000000005
1,4.28,5.078857142857142
2,5.39,5.013714285714284
3,9.267944336000001,9.23342215405715
4,8.908032227,8.870571986885714
5,9.0,8.971428571428572
6,0.33,0.676285714285714
7,2.87,2.756857142857144
8,13.38,13.111999999999997
9,7.4,7.493714285714287
10,2.58,4.231428571428574
11,6.465771483999999,6.941129464285717
12,5.31,9.329142857142857
13,3.17,8.595714285714285
14,7.75,8.053142857142857
15,2.81,2.407428571428571
16,3.52,3.9739999999999993
17,4.77,5.077142857142857
18,1.52,1.6214285714285717
19,0.51,2.144000000000001
20,4.17,4.320857142857143
21,-0.04,4.229142857142858
22,10.07,9.634571428571423
23,11.06,7.154857142857144
24,1.4700000290000002,2.4194285642857145
25,1.51,1.4779999999999995
26,-0.53,1.9117142857142848
27,3.37,3.6317142857142874
28,1.66,2.0842857142857145
29,36.54999924,35.65514268714285
30,32.06000137,33.00257129457143
31,7.0,6.831714285714285
32,6.76,6.6679999999999975
33,1.75,2.019142857142857
34,8.2,8.188285714285708
35,7.25,7.004571428571429
36,5.57,6.590571428571427
37,4.0,3.299428571428571
38,9.859228516,7.47205626857143
39,4.24,6.264571428571429
40,4.15,4.556857142857146
41,1.75,2.014857142857143
42,0.0,0.10571428571428572
43,0.0,4.338513718371429
44,7.0,7.1259999999999994
45,2.6,8.65314285714286
46,32.56000137,32.063714371428574
47,10.44,6.796857142857142
48,6.33,6.997142857142857
49,32.90999985,32.17971370771428
50,1.2,8.448571428571428
51,7.46,8.024
52,0.91,1.657714285714286
53,5.38,4.249428571428573
54,0.26,0.2182857142857143
55,4.44,4.586571428571427
56,8.04,5.198571428571428
57,3.04,3.5208571428571425
58,9.0,7.539714285714285
59,4.59,4.4934285714285735
60,32.61000061,32.01199994857143
61,7.59,5.943142857142858
62,3.3,8.37142857142857
63,3.97,4.297142857142857
64,6.4,5.620285714285714
65,10.62,7.506571428571429
66,4.93,4.984285714285717
67,8.22,8.250285714285715
68,8.92,6.796857142857143
69,-1.95,0.8717142857142852
70,5.35,5.315142857142855
71,0.0,0.8057142857142857
72,1.43,7.472000000000001
73,3.28,3.4657142857142866
74,12.0,14.542857142857143
75,15.79,8.987714285714285
76,-0.78,-0.18371428571428552
77,8.08,7.3434285714285705
78,10.67,10.438285714285715
79,11.19,10.002857142857142
80,1.58,1.7525714285714278
81,7.75,7.822000000000001
82,5.35,4.444285714285716
83,11.45,10.295142857142853
84,2.66,2.9291428571428555
85,36.0,31.547714452571427
86,1.47,4.9417142857142835
87,31.5,31.740857096857145
88,11.38,9.43314285714286
89,12.88,11.335714285714284
90,1.72,1.725142859571429
91,3.16,3.6905714285714275
92,8.6,8.645714285714286
93,35.52000046,35.27714312514284
94,8.2,7.931428571428572
95,4.6,4.44285714285714
96,5.6,5.6371428571428535
97,3.16,3.6045714285714276
98,2.5,1.7457142857142864
99,5.39,5.796285714285716
100,6.82,6.763142857142853
101,6.18,5.89714285714286
102,13.43,7.323428571428571
103,4.29,4.214285714285713
104,5.12,4.055142857142855
105,0.66027832,0.7622895737714285
106,5.5,7.484571428571432
107,10.0,8.551428571428572
108,10.57,10.287714285714282
109,3.3,3.9139999999999993
110,2.33,2.250857142857142
111,3.8,5.211428571428571
112,9.5,7.881428571428572
113,2.86,2.955999999999999
114,6.157275391000001,6.9497561384285715
115,29.72999954,32.84914254428571
116,8.57,8.949714285714286
117,7.62,7.474857142857145
118,34.77000046,32.64771445228572
119,2.81,3.939714285714287
120,7.53,7.8108571428571425
121,5.79,7.821999999999999
122,39.37,29.53396879902857
123,11.2,10.423428571428571
124,6.774267578,6.667762974428573
125,6.19,8.918
126,9.31,9.382000000000001
127,6.34,5.393142857142858
128,5.08,4.856285714285716
129,6.0544433589999995,6.77059500562857
130,4.97,5.178285714285714
131,4.22,5.284000000000002
132,6.21,6.154571428571427
133,7.2,6.935999999999996
134,2.07,5.6817142857142855
135,34.47000122,33.083428868
136,-0.88,3.789714243657143
137,4.599999905,4.552285722085713
138,10.6,10.442857142857145
139,3.94,3.9559999999999986
140,2.32,2.435999999999999
141,37.02999878,35.85114310085715
142,1.49,3.42942857142857
143,5.1,5.375142857142855
144,10.58,9.802857142857142
145,8.7,7.258285714285714
146,2.91,2.409142857142857
147,4.02,4.155714285714286
148,10.2,9.574285714285713
149,11.0,9.371428571428572
150,34.87,32.61857136285715
151,4.59,6.871428571428573
152,7.36,7.2719999999999985
153,2.18,8.307428571428574
154,3.01,3.298285714285716
155,4.4,4.738285714285717
156,6.75,7.163714285714286
157,4.87,3.590285714285715
158,9.2,9.728571428571428
159,14.0,14.885714285714286
160,11.56,17.721085146942862
161,32.68000031,32.638856824571434
162,6.78,10.748571428571429
163,2.11,2.194857142857143
164,7.391259766,7.000498046999995
165,7.58,6.4634285714285715
166,12.73,12.329428571428567
167,7.77,7.82857142857143
168,31.96999931,33.738571715285715
169,36.5,34.36885662542856
170,4.65,4.817714285714288
171,5.19,5.531714285714283
172,-0.34,6.307428571428572
173,7.05,6.661999999999998
174,1.7,1.9228571428571435
175,4.49,3.897142857695237
176,6.72,7.228571428571429
177,4.8,4.335714285714285
178,36.91,34.146571262571435
179,10.42,9.866285714285716
180,33.86999893,33.71428566228571
181,5.49,5.780285714285715
182,4.71,8.519428571428573
183,0.9,2.9385714285714273
184,3.03,3.0060000000000007
185,11.16,10.694571428571434
186,1.87,1.8594285714285705
187,4.78,4.888285714285715
188,1.73,2.785428571428571
189,39.37,29.53396879902857
190,8.57,8.949714285714286
191,3.38,3.776571428199999
192,6.96,5.285428571428571
193,35.43,33.30000004428572
194,0.33,0.676285714285714
195,10.37,11.122857142857146
196,7.04,6.829714285714284
197,4.357714844,5.0521203032571425
198,9.38,7.706857142857145
199,9.87,9.578000000000003
200,8.81,6.2877142857142845
201,0.11,3.5088571428571456
202,8.62,7.645428571428572
203,0.7,1.9382857142857148
204,7.44,7.059714285714285
205,-1.13,-1.1000000000000003
206,1.02,1.01
207,0.8,0.8634285714285711
208,9.11,9.615428571428572
209,13.0,13.085714285714285
210,8.0,6.966857142857142
211,1.27,1.7320000000000004
212,2.33,2.372571428571429
213,4.76,5.326571428571429
214,15.0,15.4
215,4.91,5.123142857142856
216,6.77,6.803142857142857
217,3.84,4.021142857142858
218,5.9,5.16857142857143
219,3.3,2.6328571428571417
220,7.0,7.0
221,1.93,1.9471428571428577
222,7.28,5.9539422898000005
223,3.46,2.964000009828571
224,5.92,5.94085714285714
225,3.55,3.584857142857141
226,3.69,3.8637142857142845
227,32.61999893,32.683141869999986
228,10.25,6.888285714285717
229,4.69,4.647999999999999
230,0.14,0.4931428571428574
231,5.91,6.903714285714287
232,2.8,3.5085714285714267
233,7.6,7.308571428571426
234,2.5,2.6017142857142845
235,5.8,6.799142857142858
236,5.29,5.171714285714286
237,-1.18,-1.2357142857142858
238,6.23,6.164285714285713
239,9.345068358999999,9.287041713000002
240,37.72999954,36.39485678400001
241,11.59,7.549428571428574
242,2.372111003,2.3441627142000003
243,32.34999847,32.77657007142855
244,19.51,5.247428571428573
245,7.49,7.788571428571433
246,45.36,19.918571428571425
247,32.49000168,33.0985723782857
248,6.2,5.649142857142857
249,9.66,6.830857142857141
250,10.01,8.466857142857144
251,10.03,13.41314285714286
252,4.09,3.936285714285714
253,34.77000046,33.13628544314285
254,5.1,4.65
255,5.7,6.170571428571431
256,7.16,7.1022857142857125
257,6.7,6.59028571428571
258,4.73,6.433714285714287
259,7.4,6.989428571428575
260,2.26,1.9742857130571427
261,2.03,2.7371428571428575
262,2.76,2.7520000000000007
263,4.51,4.643428571428572
264,9.79,8.888000000000002
265,7.15,7.051142857142861
266,4.58,4.891142857142859
267,2.74,2.693428571428571
268,9.22,5.850571428571427
269,10.9,7.142285714285714
270,17.83,17.471999999999998
271,12.68,14.090285714285717
272,3.16,4.680285714285715
273,1.0,4.249714285714284
274,4.54,3.3337142857142865
275,9.4,10.040000000000001
276,7.9,6.908857142857146
277,8.45,9.24
278,1.59,1.6125714285714285
279,3.67,3.814571428571429
280,2.6,3.628571428571426
281,32.27999878,32.475998870857154
282,5.02,6.545142857142854
283,4.09,4.986285714285716
284,0.94,1.4802857142857146
285,-0.2,1.396857142857142
286,1.89,2.009428571428572
287,-0.82,-0.6405714285714286
288,1.95,2.087714285714286
289,4.1,6.935714285714284
290,9.47,9.408000000000005
291,13.31,10.392285714285713
292,21.46,19.97914285714285
293,37.06000137,34.454571408
294,6.12,6.1068571428571445
295,5.7,8.160571428571428
296,7.06,5.493714285714285
297,6.81,9.13942857142857
298,8.58,8.942857142857143
299,9.036572266,8.993235909828575
300,1.98,2.1331428571428566
301,16.45,9.139428571428573
302,-2.52,4.007999999999999
303,2.74,3.719428571428571
304,1.0,1.3497142857142856
305,3.83,3.9471428571428566
306,7.93,2.9962857142857144
307,3.45793457,3.6131854535714316
308,7.06,1.7071428636571429
309,2.27,1.9140000000000006
310,5.55,4.026
311,8.39,7.161142857142856
312,3.85,3.805428571428569
313,3.5,3.899142857142857
314,3.63,3.9234285714285697
315,16.0,10.730857142857142
316,-1.34,0.3565714285714285
317,33.00999832,31.598571120285726
318,33.33,33.431428606428575
319,36.0,32.98657162799999
320,5.85,5.523142856314284
321,32.81999969,32.682856746571446
322,7.98,8.532285714285713
323,7.29,7.41742857142857
324,1.44,1.387714282857143
325,8.42,4.403714285714286
326,1.13,1.5774285714285714
327,3.69,9.120864071828569
328,1.9,1.3297142857142852
329,12.45,13.452857142857141
330,6.131567382999999,7.061817940857145
331,11.71,7.521714285714285
332,6.28,6.025714285714286
333,6.77,6.803142857142857
334,8.75,8.154857142857141
335,3.96,4.678285714285714
336,33.47999954,33.502285383428585
337,8.37,2.5594285714285707
338,1.0,3.1942857142857144
339,12.71,13.712571428571428
340,7.82,7.832571428571425
341,32.29999924,32.820285313142854
342,1.35,1.2900000000000007
343,5.53,7.970285714285712
344,6.7739664710000005,7.798832310057143
345,12.73,12.753142857142858
346,2.72,1.717428571428571
347,2.75,2.993428571428571
348,6.2,4.8500000000000005
349,7.0,7.884285714285717
350,11.95,9.633428571428569
351,7.03,6.620857142857143
352,-1.13,-1.1428571428571428
353,-0.8,0.42085714285714254
354,4.0,4.009428571428571
355,8.15,8.06914285714286
356,35.76,34.93485711485713
357,3.26,3.302000000000001
358,3.1,2.584571428571428
359,-0.95,-0.6725714285714284
360,2.518839518,2.451763625199999
361,1.94,1.6894285714285713
362,3.17,4.377428571428571
363,3.89,3.9251428571428564
364,0.55,0.541714285714286
365,-2.0,-1.0919999999999999
366,0.8,1.06
367,3.14,2.2931428571428576
368,0.53,1.4754285714285718
369,4.66,4.634571428571427
370,5.1,5.375142857142855
371,3.91,3.9191428571428553
372,16.41,16.340000000000007
373,-2.0,0.18914285714285717
374,11.85,11.278000000000006
375,31.79000092,31.878000808571432
376,2.87,8.145428571428571
377,4.36,4.613714285714287
378,36.13999939,35.648000332
379,0.0,0.8950274367428571
380,36.43999863,35.97771388428572
381,8.07,8.035714285714281
382,6.3,6.446285714285715
383,6.9,8.565714285714284
384,5.04,2.71142857692381
385,4.8,11.113142857142858
386,2.35,3.222285714285714
387,3.93,3.7879999999999994
388,43.99,21.85876014288572
389,3.16,3.6045714285714276
390,32.13,12.667428619485715
391,6.3,5.940857142857142
392,9.02,4.549714285714287
393,1.9,1.920857140942856
394,8.73,6.877142857142854
395,10.75,10.340857142857143
396,0.330000013,0.45200000000000023
397,2.28,2.0631428571428567
398,7.99,7.9368571428571455
399,1.76,2.050285714285714
400,10.37,11.522000000000006
401,7.53,7.124571428571429
402,4.01,4.1328571428571435
403,6.414355469,11.50341517857143
404,-0.51,1.6265714285714294
405,7.52,7.557142857142859
406,4.92,5.8022857142857145
407,19.14,20.856857142857137
408,5.34,6.391142857142857
409,4.69,4.682285714285716
410,2.56,4.137142857142858
411,16.17,14.002571428571423
412,6.774267578,6.952020089314284
413,6.22,6.231428571428571
414,4.43,4.448285714285717
415,1.4,1.4114285714285706
416,7.9,7.838857142857145
417,6.65,7.5425714285714305
418,15.26,15.942571428571435
419,-1.21,-1.2077142857142862
420,33.13999939,33.74485669857141
421,7.4,4.2605714285714305
422,5.87,5.616571428571428
423,37.81000137,33.04371402771429
424,-0.27,0.9614285714285716
425,3.62,3.997142857142859
426,1.51,1.5159999999999996
427,13.03,14.386857142857142
428,3.67,3.106285714285715
429,3.51,3.5222857142857156
430,3.7,6.136285714285712
431,5.53,7.76457142857143
432,9.02,9.656285714285714
433,7.35,7.029999999999997
434,3.58,5.1008571428571425
435,36.61999893,36.17371439142857
436,8.22,2.2231938709142853
437,8.79,8.611428571428574
438,1.35,1.1671428571714286
439,7.02,9.069142857142861
440,2.61,2.6497142857142855
441,2.74,1.9077142857142857
442,35.20999908,35.299713676285705
443,3.2,4.01057142857143
444,2.23,1.537714285714286
445,1.19,0.9522857142857144
446,5.07,5.125142857142853
447,15.53,15.886857142857142
448,3.3800001139999996,2.9697143865428557
449,22.97,22.204285714285724
450,31.80999947,32.417999976857146
451,3.86,3.990285714285716
452,5.0,7.400285714285714
453,8.14,7.160285714285715
454,8.19,9.40914285714286
455,7.49,7.5111428571428585
456,6.0,10.114285714285714
457,6.8,2.718571428571428
458,20.43,16.418285714285716
459,4.37,4.252857142857144
460,3.82,4.265714285714282
461,-0.49,3.3402857142857147
462,2.23,2.867142857142857
463,6.31,6.190000000000001
464,2.69,2.541142857142857
465,35.84000015,34.596857213999996
466,6.19,5.354571428571429
467,13.7,12.508857142857137
468,9.8,10.122571428571435
469,4.8,3.914857142857145
470,5.58,5.688285714285716
471,33.47999954,33.502285383428585
472,1.99,1.5011428571428573
473,4.03,4.048000000000001
474,1.75,1.5654285714285716
475,15.04,13.85114285714286
476,4.866495768,4.694613792571425
477,6.260107422000001,8.248050176742858
478,2.92,6.003714285714286
479,3.4,8.793999999999999
480,5.58,5.7682857142857165
481,13.3,8.187142857142854
482,3.31,2.4337142857142857
483,3.27,2.1974285714285715
484,-0.25,0.05628571428571428
485,2.31,2.075714285714286
486,5.39,5.4231428571428575
487,6.6,6.889999999999999
488,8.57,8.421714285714282
489,4.07,9.141428571428575
490,17.39,16.493428571428563
491,3.3,8.37142857142857
492,2.92,1.7177142857142857
493,4.05,1.641142857142857
494,4.59,5.771428571428573
495,32.0,31.81142826285714
496,5.92,7.468571428571428
497,4.08,5.173428571428574
498,32.49000168,33.0985723782857
499,7.288427734,6.914559849314286
500,10.13,10.740285714285715
501,3.5,3.4899999999999998
502,-0.3,4.467428571428573
503,35.25999832,34.22771475828571
504,0.61,1.9394285714285713
505,1.43,2.1582857142857144
506,6.45,6.408857142857141
507,0.95,6.723714285714284
508,-3.43,4.951142857142856
509,8.15,8.06914285714286
510,0.0,0.5242857142857144
511,8.8,10.219999999999999
512,29.29999924,32.151428823428574
513,5.04,5.274857142857142
514,11.54,9.894
515,5.32,11.777428571428574
516,6.49,5.674857142857144
517,27.14,4.210857144514285
518,5.95,5.715142857142855
519,7.36,6.882
520,1.35,1.3440000000000005
521,6.82,6.725142857142853
522,-0.95,-0.6725714285714284
523,13.83,4.974285714285715
524,8.02,7.864000000000003
525,1.58,1.7525714285714278
526,4.33,4.773142857142856
527,-0.37,1.6408571428571437
528,33.13999939,33.44485707914286
529,3.28,3.4657142857142866
530,-1.87,1.5251428571428571
531,-0.57,9.055428571428571
532,1.52,1.5642857142857156
533,6.91,5.943142857142856
534,7.9,7.580000000000002
535,6.75,5.984285714285714
536,7.62,7.606779296885712
537,0.5,0.8225714285714286
538,7.61,7.393428571428571
539,9.7,8.564571428571423
540,7.86,7.738000000000006
541,2.45,2.1805714285714286
542,5.36,11.470571428571429
543,5.47,6.408285714285714
544,33.68999863,34.00028440028571
545,11.0,10.82857142857143
546,2.71,2.2148571428571437
547,5.65,5.740285714285714
548,6.8,7.020000000000003
549,7.6,7.21085714285714
550,2.38,3.7942857142857136
551,13.47,12.76200000000001
552,3.63,3.35942857142857
553,13.61,14.310857142857149
554,4.32,4.908285714285715
555,1.74,1.9442857142857142
556,4.8,7.827142857142856
557,0.14,0.4931428571428574
558,3.92,4.268571428571428
559,6.157275391000001,11.520380859457143
560,7.77,12.880857142857145
561,10.38,11.672857142857145
562,9.81,7.658571428571429
563,7.94,9.566571428571429
564,1.82,1.8425714285714285
565,9.76,9.685999999999996
566,15.05,14.917428571428578
567,1.85,3.205142857142856
568,11.86,16.940285642828577
569,8.5,8.505714285714285
570,6.4,3.7997142857142854
571,3.59,3.5362857142857167
572,6.46,6.250000000000002
573,1.82,1.9279999999999997
574,12.0,6.21857142857143
575,7.13,6.106000000000002
576,6.77,7.644857142857143
577,0.35,0.814285714285715
578,8.2,7.957142857142857
579,14.3,11.720857142857144
580,1.21,1.511142856314286
581,3.67,3.5757142857142865
582,8.27,7.510285714285713
583,34.36999893,33.56171361485713
584,3.2,3.4385714285714304
585,13.0,12.637142857142857
586,6.080151367000001,7.0783565848571435
587,19.2,19.54171428571429
588,1.0,1.1497142855714289
589,8.702368164,8.767005440800004
590,2.34,2.34857142857143
591,2.99,5.975714285714285
592,32.04999924,32.90799994028571
593,3.71,3.7725714285714274
594,0.79,2.5140000000000002
595,12.94999981,15.180285674399999
596,8.0,7.737142857142856
597,5.24,5.113142857142856
598,3.8,3.9399999999999995
599,30.70000076,31.14914338085714
600,4.27,4.165142857142856
601,10.07,9.252857142857138
602,6.15,6.299714285714285
603,8.04,7.59200000325714
604,11.41,11.17628571428572
605,6.5,5.774285714285715
606,6.1,6.469714285714284
607,27.83,10.543428571428574
608,3.8,3.5251428571428556
609,5.25,4.925428571428572
610,4.86,7.364857142857144
611,12.92,11.201142857142859
612,0.25,1.4959999983714285
613,3.37,3.292000000000001
614,10.58,8.332857142857144
615,4.9,5.002857142857146
616,8.933740234,7.357234560999998
617,17.54,16.8
618,13.18,13.623142857142861
619,5.88,6.120571428571427
620,1.02,2.2711428571428565
621,1.76,1.7428571428571424
622,7.14,7.315428571428572
623,8.09,6.811999999999999
624,11.09,11.225142857142849
625,5.41,5.849999999999999
626,1.14,1.5954285714285716
627,-0.23,5.642857093857141
628,-1.07,-1.3631428571428577
629,6.14,5.652857142857139
630,9.99,6.799428571428573
631,1.7,1.7477142857142858
632,6.1,6.342
633,21.0,22.042285701142855
634,9.4,9.095142857142855
635,6.3,4.684
636,4.21,3.8414285714285703
637,4.33,3.8859999999999997
638,3.36,3.2557142857142853
639,1.29,1.033714282457143
640,6.39,6.341428571428567
641,3.0,3.6205714285714286
642,6.23,6.164285714285713
643,6.72,5.897428571428573
644,7.11,4.704857142857144
645,6.53,7.4237142857142855
646,5.87,5.712285714285716
647,12.7,9.027142857142852
648,14.58,14.25971428571428
649,5.5,6.979142857142858
650,1.43,3.999714285714286
651,2.26,1.5939999999999999
652,4.96,4.804857142857143
653,8.37,8.24314285714286
654,8.36,8.07571428571429
655,26.68,17.15714285714286
656,33.61000061,32.28485685142857
657,2.75,3.7565714285714282
658,2.88,3.623142857142857
659,5.14,4.704857142857141
660,4.0,3.059999999999999
661,14.44,4.027714285714286
662,-0.98,0.13342857142857137
663,82.0,33.553142848571426
664,2.0,2.091428571428571
665,7.96,7.975142857142857
666,9.473608398,9.461121651485717
667,4.51,13.218285714285713
668,13.3,13.719428571428567
669,5.6,5.419999999999997
670,7.5,4.744285714285714
671,3.69,3.6845714285714273
672,7.75,9.776857142857141
673,4.1,3.8548571428571434
674,7.53,7.093714285714285
675,8.520000458,6.172571381628572
676,11.85,10.557714285714283
677,7.35,7.283999999999996
678,8.18,9.32085714285714
679,2.61,3.827142857142857
680,6.64,5.695142857142856
681,5.36,6.8191428571428565
682,0.42,3.7702857142857145
683,8.6,8.688571428571429
684,1.78519694,1.852116398514285
685,0.08,0.08000000000000003
686,0.3,0.8120000000000006
687,19.94,16.35828571428571
688,7.99,7.4231428571428575
689,5.5,5.3
690,8.3,9.505714285714289
691,32.34999847,33.12114159399999
692,24.94,23.401714285714302
693,34.45000076,30.87057135599999
694,0.94,0.7354285714285713
695,12.0,10.714285714285714
696,6.49,9.291428571428568
697,6.1,1.4971428571428569
698,10.53,10.653714285714278
699,30.45999908,30.79457059228571
700,16.19,16.13571428571429
701,48.0,33.111714284542856
702,-0.92,3.0791428571428576
703,10.4,7.3402857142857165
704,6.0,6.173428571428572
705,10.0,10.2
706,5.53,3.680857142857143
707,9.7,9.059999999999997
708,6.465771483999999,7.467528459857145
709,3.87,3.617142857142857
710,5.43,4.162857142857144
711,6.5,5.6822857142857135
712,3.24,3.694285714285713
713,5.745947266,5.368100353742858
714,10.24654134,9.717619976714287
715,7.288427734,6.677311663200001
716,9.51,5.874
717,11.85,11.536571428571433
718,-2.0,-1.9511428571428568
719,9.113696289,9.065952845885713
720,12.57,13.564571428571432
721,9.15,13.258857142857142
722,2.73,2.904571428571429
723,2.12,1.7085714285714289
724,9.8,9.402857142857144
725,2.51,2.413428571428571
726,3.89,4.241142857142857
727,0.27,1.2731428571428574
728,4.53,7.169142857142854
729,-2.0,-2.0
730,8.7,7.088571428571429
731,2.24,1.0174285714285713
732,5.36,5.042285714285717
733,2.65,2.6251428571428583
734,7.89,8.233428571428572
735,4.23,6.248000000000001
736,10.06,10.414000000000001
737,1.78,2.0574285714285714
738,6.01,5.661714285714284
739,2.19,2.6665714285714284
740,7.6,7.308571428571426
741,8.1,8.085714285714284
742,6.9,6.325142857142855
743,4.99,5.016285714285715
744,0.81,0.7574285714285715
745,2.51,3.542571428571428
746,6.6,4.991714285714286
747,6.2,4.551142857142857
748,2.93,2.8062857142857145
749,7.0,6.829999999999999
750,5.23,5.1831428571428555
751,11.59,11.156285714285715
752,7.0827636720000005,7.062931780114286
753,2.63,2.4745714285714286
754,8.43,8.236857142857144
755,2.3,2.271999999999999
756,11.0,10.4
757,3.72,3.5362857142857136
758,7.47,6.595142857142857
759,4.2,3.88857142857143
760,7.72,8.269428571428573
761,3.42,3.6505714285714297
762,0.51,2.144000000000001
763,-0.22,7.968285714285714
764,3.72,3.865142857142857
765,7.031347656,6.5480371094571455
766,26.84,12.818285714285715
767,9.56,9.166857142857143
768,14.68,14.920857142857146
769,7.532063802000001,7.66518973211429
770,5.13,4.649428571428572
771,6.77,6.234571428571429
772,7.89,7.091714285714285
773,9.13,7.1165714285714285
774,5.6,8.960000000000003
775,8.291040039,8.434270368285713
776,34.68000031,34.56085732657142
777,3.8,4.982857142857144
778,1.87,1.8299999999999998
779,0.38,1.9697143078857149
780,2.93,2.8062857142857145
781,7.01,6.080571428571427
782,2.42,3.6457142857142864
783,3.08,2.3562857142857143
784,3.26,3.0791428571428576
785,9.11,8.664
786,5.2,7.312
787,0.61,0.788285714285714
788,6.66,8.331714285714286
789,6.94,6.715370861228571
790,7.03,6.620857142857143
791,15.12,14.426571428571426
792,11.19,10.002857142857142
793,32.77999878,32.003714293714296
794,4.99,5.016285714285715
795,1.71,1.7
796,6.09,6.136857142857145
797,3.99,3.982285714285715
798,6.14,6.091142857142854
799,38.63000107,35.18942833028572
800,5.8,2.388571428571429
801,9.165112305,9.042448381942856
802,7.94,9.566571428571429
803,7.0,11.971428571428572
804,9.7,9.38571428571428
805,2.12,1.6751428571428573
806,8.23,7.989714285714287
807,8.4,5.997142857142858
808,11.2,9.682000000000002
809,2.87,4.138857142857144
810,12.7,9.027142857142852
811,16.04,12.441999999999998
812,10.94,10.886571428571429
813,33.77000046,36.047428396285724
814,16.74,16.107428571428574
815,10.99,15.064571428571425
816,15.38,9.81942857142857
817,2.04,2.984857142857143
818,8.6,8.820000000000002
819,2.28,2.9148571428571435
820,10.01,10.414571428571426
821,7.31,6.092857142857141
822,8.03,6.653142857142858
823,6.53,6.45257142857143
824,15.04,13.85114285714286
825,0.670000017,1.1837143138
826,9.6,9.242571428571429
827,15.21,7.432285714285714
828,1.49,1.5685714285714287
829,-1.73,-1.640571428571429
830,-0.64,1.8165714285714283
831,1.82,1.9279999999999997
832,8.73,6.877142857142854
833,4.67,4.291428571428572
834,32.18000031,32.380285481142856
835,7.74,7.272285714285718
836,7.0,7.114285714285714
837,1.39,1.146
838,1.04,2.28
839,12.48,14.517428571428573
840,4.2,6.885142857142858
841,3.58,3.8088571428571423
842,3.44,3.441428571428573
843,1.120000005,1.353428576142858
844,2.28,3.7794285714285714
845,13.0,12.2
846,3.0,2.689714285714286
847,12.0,11.060285714285714
848,33.43000031,32.89342880371428
849,24.0,25.92171428542857
850,5.53,5.258285714285716
851,-0.3,0.12400000000000007
852,2.07,2.5054285714285713
853,8.76,7.482000000000002
854,7.37,7.2054285714285715
855,5.65,4.821714285714286
856,1.76,1.7428571428571424
857,32.56999969,34.183714712857146
858,5.8,6.108571428571431
859,10.7,7.306285714285714
860,6.03,6.512285714285715
861,10.0,8.82857142857143
862,7.85,7.631999999999997
863,7.0827636720000005,7.067338867285714
864,3.97,3.937428571428571
865,-0.7,4.732857142857143
866,2.44,2.3445714285714274
867,31.92,32.80228577314286
868,4.2,4.026285714285715
869,1.82,1.7888571428571431
870,1.79,2.2748571428571425
871,6.15,6.238857142857147
872,9.463989258,9.28815834254286
873,6.41,7.484857142857144
874,7.15,6.357714285714286
875,3.17,3.134857142857144
876,4.48,5.701714285714287
877,2.53,2.266571428571429
878,12.0,11.361999999999998
879,6.51,7.668857142857142
880,33.27000046,33.174000387428556
881,-1.88,4.761142857142858
882,10.0,6.152857142857143
883,6.0,6.260857142857142
884,37.72999954,36.39485678400001
885,4.38,4.919999999999998
886,2.5,8.011531668514285
887,6.979931641,7.31193219891429
888,-0.72,3.1319999999999983
889,3.81784668,6.028581659142856
890,7.7,7.703142857142852
891,8.58,8.461428571428574
892,6.41,6.48342857142857
893,8.42,8.449714285714283
894,7.905419922,7.592516741085713
895,4.28,5.078857142857142
896,36.57,35.929143005714295
897,3.8,3.5251428571428556
898,3.0,2.689714285714286
899,4.77,5.077142857142857
900,7.442675781,6.763249860599999
901,10.3,7.221142857142856
902,4.06,4.68342857142857
903,1.78,1.8425714285714292
904,2.82,5.255142857142857
905,1.8,1.8371428571428563
906,2.01,1.972571428571429
907,14.86,12.699142857142864
908,2.73,3.629714285714287
909,7.391259766,7.000498046999995
910,7.85,8.04685714285714
911,2.09,1.6782857142857142
912,0.15,0.18914285714285722
913,17.5,17.45
914,3.8,4.982857142857144
915,4.56,4.367142857142857
916,5.25,4.432285714285713
917,33.11000061,33.86942810714286
918,15.88,15.324285714285711
919,3.87,2.1434285714285717
920,6.157275391000001,6.815400390685716
921,5.11,4.133714285714287
922,3.3,4.340000000000001
923,7.17,7.4731428571428555
924,14.58,14.352285714285712
925,9.54,9.020571428571428
926,28.57,22.813428571428574
927,-0.26,3.403142857142856
928,1.78,1.656190243685715
929,6.21,5.18657142857143
930,8.29,7.890285714285715
931,-1.4,2.907714285714286
932,-0.28,11.916285714285715
933,34.83000183,34.83000182999999
934,6.64,6.76
935,7.38,7.379142857142855
936,3.65,3.7754285714285745
937,0.65,0.9419999999999996
938,-1.66,1.7285714285714282
939,30.86000061,31.791428484285714
940,14.84,13.409999999999997
941,1.32,1.702857139474286
942,6.74,5.721714285714286
943,0.8,1.2162857142857144
944,7.16,7.291714285714282
945,11.22,6.3751428571428574
946,4.02,4.155714285714286
947,5.41,6.151142857142857
948,-0.98,6.469142809142858
949,3.71,3.7725714285714274
950,0.47,0.8345714285714289
951,1.06,1.0802857102
952,7.165242513,7.2764129927714265
953,4.2,4.302857142857143
954,0.62,0.27685714285714275
955,33.34000015,32.17485722228572
956,8.17,8.094857142857139
957,1.41,1.4128571428571417
958,2.33,1.8342857142857143
959,36.34999847,35.27428615057142
960,1.4,4.218285714285717
961,9.062280272999999,9.047589982914285
962,9.57,8.675428571428569
963,6.24,6.8254795852
964,4.97,4.809428571428571
965,10.54,10.452857142857146
966,36.36000061,36.13514363714286
967,7.057055664,7.047506975371427
968,6.388647461000001,6.539222935285718
969,-0.53,1.4745714285714282
970,4.14,4.510857142857144
971,7.56,7.39
972,1.71,1.5585714285714285
973,3.61,4.141142857142857
974,7.09,5.139142857142858
975,1.3,3.332285714285715
976,4.22,4.315999999999999
977,0.0,1.2037142857142855
978,7.08,6.184000000000002
979,6.09,5.72657142857143
980,10.88,10.093714285714286
981,6.5,7.732857142857142
982,6.76,7.208000000000001
983,30.70000076,31.14914338085714
984,6.75,7.163714285714286
985,2.09,1.6362857142857141
986,1.6,1.6645714285714295
987,7.34,7.352000000000001
988,4.89,5.062571428571429
989,33.74000168,34.19771409657143
990,2.04,2.037714285714286
991,0.1,4.78457142857143
992,6.7,6.078285714285714
993,32.74000168,31.424285617628577
994,6.91,6.757428571428569
995,7.185595703,7.115878348114282
996,-1.32,-1.514285714285714
997,2.81,3.939714285714287
998,2.17,7.305142857142859
999,-1.76,-0.15914285714285728
1000,1.74,2.0614285714285714
1001,2.0,77.66285714285715
1002,3.97,3.7554285714285713
1003,5.34,5.376571428571431
1004,32.45999908,32.59171402114287
1005,8.192342122000001,4.306446805514287
1006,12.02,11.066987165199997
1007,36.40999985,36.071142744
1008,12.23,15.079999999999998
1009,6.5,8.235428571428573
1010,6.31,6.429714285714285
1011,33.04999924,32.94999934857143
1012,11.0,6.282
1013,0.3,1.8377142871142853
1014,9.37,9.020857142857144
1015,3.41,4.291714285714285
1016,1.34,2.038
1017,5.39,6.381142857142859
1018,2.51,1.577142857142857
1019,3.79,6.644857142857141
1020,2.61,2.6788571428571424
1021,-1.98,-1.9199999999999993
1022,4.6,7.337142857142855
1023,11.73,8.469142857142854
1024,36.34999847,34.537999562
1025,11.52,11.441142857142857
1026,1.43,1.4645714285714284
1027,9.267944336000001,9.198899972114292
1028,13.66,10.065428571428571
1029,-0.8,0.42085714285714254
1030,9.345068358999999,9.287041713000002
1031,0.1,6.256
1032,2.28,2.006285714285715
1033,7.98,8.532285714285713
1034,-1.39,-1.3882857142857146
1035,-2.0,1.074
1036,6.84,4.198857142857143
1037,9.94,8.928
1038,8.0,7.197714285714286
1039,5.34,1.3365714285714287
1040,8.9,8.852285714285713
1041,36.41,35.796571349999994
1042,3.61,5.083142857142856
1043,1.91,1.7880000000000003
1044,4.8,7.42057142857143
1045,7.0,6.835714285714285
1046,10.82,14.098571428571429
1047,1.8,1.7514285714285702
1048,6.56,6.558285714285716
1049,9.67,7.543999999999999
1050,11.17,8.925714285714287
1051,1.82,2.053428571428571
1052,-0.41,2.2914285714285714
1053,10.0,8.82857142857143
1054,-0.53,1.9117142857142848
1055,2.86,1.5525714285714283
1056,7.76,5.995999999999999
1057,32.22000122,32.406857115714296
1058,7.2,6.935999999999996
1059,7.63,6.3831428571428575
1060,7.57,6.867142857142857
1061,13.89,13.575142857142849
1062,2.25,2.169428571428571
1063,6.34,6.582285714285714
1064,10.0,10.059999999999997
1065,10.3,7.188000000000002
1066,7.336425781,7.40803059877143
1067,7.0,7.1259999999999994
1068,11.0,10.628571428571428
1069,-3.24,4.972857142857143
1070,10.67,10.438285714285715
1071,5.2,8.732285714285712
1072,23.86,20.093999999999994
1073,36.25,34.84399969857143
1074,34.51,33.15114272514286
1075,1.93,6.680571428571429
1076,3.51,3.1479999999999997
1077,16.0,10.730857142857142
1078,6.66,6.760285714285712
1079,8.1,7.185714285714283
1080,13.0,12.637142857142857
1081,-1.78,5.149428571428572
1082,1.0,3.1942857142857144
1083,27.24,15.246571428571425
1084,4.35,3.7228571428571433
1085,7.391259766,6.870428571571431
1086,12.38,13.653714285714283
1087,4.26,2.774857142857144
1088,14.16,15.131714285714283
1089,4.923291016,5.016574358571431
1090,6.9,6.900000000000004
1091,8.9,9.217714285714285
1092,6.35,5.738571428571427
1093,1.8,2.254285714285713
1094,15.92,14.921142857142858
1095,1.76,1.1654285673428573
1096,33.90000153,34.19999962028571
1097,3.69,1.633428571428572
1098,6.46,4.754
1099,6.96,7.624285714285714
1100,3.8,2.0637142857142856
1101,16.66,16.61085714285715
1102,-0.66,1.1239999999999992
1103,2.5,2.4779999999999998
1104,3.61,3.391428571428571
1105,-0.25,2.3562857142857143
1106,15.51,14.185142857142857
1107,8.86,8.991428571428576
1108,-0.19,0.04742857142857141
1109,5.9,6.582857142857141
1110,7.1,7.125714285714282
1111,8.5,8.515714285714285
1112,7.28,3.9571428571428564
1113,5.13,5.459428571428569
1114,32.74000168,33.84314264571428
1115,1.8,2.189714285714286
1116,5.71,5.672000000000001
1117,0.48,0.9894285714285717
1118,31.75,32.09914287457143
1119,8.0,8.650857142857141
1120,1.2,2.3142857142857145
1121,10.04,9.791714285714287
1122,11.2,11.354285714285716
1123,3.149438477,3.8331396482285713
1124,4.82,5.171999999999996
1125,7.442675781,6.775933733314288
1126,-0.27,0.9614285714285716
1127,6.08,5.57657142857143
1128,0.26,0.2779999999999999
1129,32.12,32.064571603428575
1130,5.22,1.8034285714285718
1131,16.22,14.839142857142864
1132,0.08,0.29371428571428565
1133,7.56,6.914285714285715
1134,6.6,8.774285714285714
1135,9.7,8.564571428571423
1136,7.36,7.34085714285715
1137,2.96,2.4817142857142858
1138,7.72,8.269428571428573
1139,-1.62,0.19200000000000006
1140,34.93000031,34.53285736914285
1141,1.74,2.0388571428571427
1142,16.97,16.691142857142864
1143,8.31,7.82857142857143
1144,17.36,16.72742857142858
1145,14.35,1.2457142857142856
1146,6.35,6.167428571428568
1147,2.1,2.094571428571429
1148,1.88,1.7934285714285711
1149,-0.23,1.4991428591142855
1150,7.01,6.318285714285714
1151,5.848779297,5.905956333828567
1152,7.37,7.090285714285717
1153,6.157275391000001,6.407744838228571
1154,0.6,0.4960000000000001
1155,4.84,4.729142857142859
1156,0.57,0.9260000000000003
1157,13.9,6.792571428571428
1158,7.48,1.3314285714285716
1159,2.39,2.3645714285714288
1160,6.45,6.149142857142855
1161,6.48,6.463714285714285
1162,7.0,7.119714285714285
1163,3.1,4.391428571428571
1164,11.92,8.735428571428573
1165,32.72999954,33.99685674571428
1166,3.65,4.020857142857145
1167,10.0,9.6
1168,2.56,4.137142857142858
1169,28.75,27.94428571428571
1170,29.65999985,32.807714365714276
1171,10.58,9.802857142857142
1172,0.67,0.9660000000000011
1173,8.25,7.813142857142858
1174,4.01,4.082571428571429
1175,7.98,7.402571428571428
1176,2.62,2.2702857142857145
1177,4.7,4.042
1178,11.0,10.628571428571428
1179,8.8,8.262857142857143
1180,6.14,6.091142857142854
1181,8.23,8.060571428571428
1182,3.9,3.868857142857145
1183,1.94,1.9051428571428572
1184,1.5,1.7160000000000002
1185,3.3,3.9139999999999993
1186,24.63,10.64257134114286
1187,31.95999908,32.02428479457143
1188,5.4,4.726857142857143
1189,5.7,6.773999999999997
1190,14.3,14.309142857142865
1191,11.43,13.924285714285714
1192,6.92,6.829714285714281
1193,5.93,8.087142857142858
1194,2.73,3.629714285714287
1195,11.81,11.52114285714286
1196,4.27,4.216571428571426
1197,1.78,1.719714285714286
1198,8.96,8.662857142857142
1199,8.67,9.130285714285716
1200,2.56,1.096857142857143
1201,11.95,9.633428571428569
1202,2.84,4.625428571428572
1203,5.93,10.15857142857143
1204,7.43,7.975428571428571
1205,7.88,8.430285714285713
1206,8.63,8.187428571428569
1207,3.75,3.984571428571429
1208,9.17,8.950857142857142
1209,1.76,1.9165714285714281
1210,11.27,10.228
1211,0.5,3.6505714285714292
1212,4.56,5.552857142857144
1213,36.27999878,35.964571724571435
1214,13.4,12.439999999999996
1215,6.774267578,6.743417968885712
1216,13.3,8.187142857142854
1217,36.41,35.796571349999994
1218,3.48,3.4680000000000013
1219,5.940000057000001,3.180857183171428
1220,0.9,1.294285714285714
1221,1.32,1.9348571428571428
1222,1.63,1.1534285714857146
1223,2.18,2.5640000000000023
1224,10.0,12.282571428571428
1225,4.29,4.249428571428573
1226,2.93,2.977714285714288
1227,5.89,8.206
1228,22.71,18.020571428571426
1229,9.036572266,8.993235909828575
1230,1.46,1.4851428571428578
1231,2.37,4.862857142857142
1232,13.82,12.831142857142853
1233,6.39,4.682
1234,4.28,3.695714285714285
1235,5.58,5.688285714285716
1236,8.73,6.877142857142854
1237,8.8,9.44857142857143
1238,8.54,6.206285714285714
1239,14.06,12.082000000000003
1240,1.57,1.988571428571428
1241,8.8,8.811428571428577
1242,7.64,4.2711428571428565
1243,3.8,3.8048571428571427
1244,3.72,3.8394285714285714
1245,6.47,4.657428571428572
1246,7.2,6.714857142857145
1247,6.22,7.138857142857143
1248,9.267944336000001,9.23342215405715
1249,1.82,2.3099999999999983
1250,5.95,5.798857142857146
1251,19.88,9.765714285714285
1252,10.94,11.348571428571427
1253,2.0,2.448571428571429
1254,2.03,1.8674285714285714
1255,3.86,3.990285714285716
1256,33.08000183,32.84571430971429
1257,3.73,3.7877142857142863
1258,0.7,4.159428571428572
1259,7.14,5.856571428571429
1260,9.6,9.568571428571431
1261,10.7,8.971142857142858
1262,34.36999893,33.56171361485713
1263,2.78,2.725714285714286
1264,12.95,13.892571428571427
1265,1.9,1.9840000000000004
1266,32.74000168,33.33857280314285
1267,34.93999863,34.82914167428571
1268,7.288427734,6.537637974314288
1269,31.46999931,31.64114281657143
1270,3.04,4.380285714285715
1271,0.0,2.679142857142858
1272,0.04,5.065142857142857
1273,-2.07,4.053142857142856
1274,11.0,10.82857142857143
1275,0.0,4.450571428571429
1276,17.04,16.76
1277,10.14,10.260571428571422
1278,8.974894206,8.699314546171431
1279,7.8,7.7091428571428615
1280,9.8,9.568571428571435
1281,5.0,5.08
1282,6.09,12.96457142857143
1283,1.75,1.7754285714285714
1284,33.65999985,33.51228561314286
1285,7.99,4.534285714285715
1286,36.99000168,32.30942840685715
1287,8.04,9.073714285714283
1288,3.02,3.1634285714285704
1289,2.73,2.7960000000000007
1290,6.47,6.402857142857143
1291,4.76,4.676
1292,2.93,2.8062857142857145
1293,1.76,1.6194285714285712
1294,4.65,4.240857142857144
1295,7.905419922,7.834906529142854
1296,3.15,4.043714285714287
1297,1.66,1.9477142857142853
1298,6.66,6.760285714285712
1299,2.88,5.703999999999998
1300,1.99,1.800285714285714
1301,8.78,8.853428571428573
1302,0.46,9.811142857142855
1303,34.90999985,34.58714278142857
1304,1.25,2.453428571428572
1305,8.805200195,8.808872767599999
1306,6.32,7.184285714285717
1307,2.7,3.0654285714285714
1308,35.45999908,33.54399915371429
1309,6.131567382999999,6.852126115914286
1310,6.58,3.451714285714285
1311,2.55,2.572285714285714
1312,4.07,4.019428571428569
1313,8.18,7.383714285714285
1314,7.13,6.667142857142856
1315,5.437451172,6.1336242096285725
1316,9.12,16.74942857142857
1317,7.87,7.8965714285714315
1318,29.62999916,33.30685735485715
1319,0.2,5.179428571428571
1320,8.53,7.695714285714285
1321,6.67,6.83828571428571
1322,14.73,13.731142857142864
1323,3.31,3.4968571428571438
1324,4.65,5.4865714285714295
1325,5.77,6.687714285714287
1326,9.46,8.848000000000003
1327,12.85,7.071999999999998
1328,4.01,7.3725714285714306
1329,7.185595703,6.988877278771428
1330,8.8,7.93714285714286
1331,5.9,5.16857142857143
1332,3.67,3.814571428571429
1333,7.86,7.860571428571435
1334,2.34,2.234285714285716
1335,10.2,10.191428571428567
1336,3.1,2.584571428571428
1337,0.94,0.9414285714285711
1338,6.69,7.801714285714284
1339,6.45,6.408857142857141
1340,3.44,8.234571428571432
1341,3.01,3.298285714285716
1342,6.877099609,6.699632254457144
1343,35.16999817,34.500856920857146
1344,28.83,11.576285714285714
1345,8.57,8.456571428571424
1346,8.76,10.374285714285717
1347,2.72,2.515428571428571
1348,0.84,1.368285714285714
1349,3.95,4.042285714285716
1350,9.4,6.199999999999998
1351,1.99,1.9851428571428573
1352,3.7,3.3885714285714306
1353,14.78,14.664857142857143
1354,9.9,8.406000000000002
1355,11.03,10.151428571428566
1356,1.31,1.9334285714285715
1357,2.06,2.044285714285715
1358,2.51,2.5760000000000005
1359,26.24,23.94542857142856
1360,6.13,6.061714285714284
1361,5.76,5.777142857142855
1362,1.08,1.1442857142857135
1363,5.92,5.94085714285714
1364,6.5,6.193714285714286
1365,12.42,7.292285714285714
1366,13.31,10.392285714285713
1367,7.6,7.241142857142856
1368,3.01,5.396051013771429
1369,4.09,4.986285714285716
1370,8.7,8.691428571428567
1371,13.0,6.447142857142856
1372,10.3,7.188000000000002
1373,2.86,2.751142857142857
1374,1.25,2.2917142857142854
1375,32.29999924,32.820285313142854
1376,13.0,11.2
1377,10.4,6.392571428571428
1378,10.0,9.6
1379,13.71,12.127714285714289
1380,9.7,5.4530274367428575
1381,11.0,10.628571428571428
1382,3.61,15.426857142857141
1383,6.388647461000001,6.539222935285718
1384,7.61,7.964857142857149
1385,15.7,8.723142857142857
1386,11.54,10.557142857142853
1387,1.56,1.0279999999999998
1388,9.0,8.608285714285715
1389,-0.6,4.849428571428571
1390,4.38,4.919999999999998
1391,6.63,6.740571428571431
1392,7.288427734,7.258312639171431
1393,4.04,4.591142857142858
1394,11.0,10.780857142857144
1395,7.1,7.415714285714285
1396,4.21,6.24742857142857
1397,8.1,7.185714285714283
1398,1.75,1.3757142857142857
1399,1.94,1.2142857142857142
1400,118.0,44.5459999906
1401,7.41,6.277428571428571
1402,4.8,11.113142857142858
1403,2.41,2.3548571428571408
1404,-0.73,10.201142857142855
1405,5.45,5.1254285738857135
1406,6.83,7.297428571428576
1407,36.25,34.84399969857143
1408,5.38,4.7231428571428555
1409,3.34,3.8605714285714288
1410,0.8,3.467428571428572
1411,19.97999954,7.73085709914286
1412,33.00999832,33.555142931142846
1413,17.04,16.76
1414,2.28,2.006285714285715
1415,7.288427734,7.370693359028574
1416,3.47,2.108285714285714
1417,1.14,3.8382857142857154
1418,4.6,6.777142857142856
1419,1.8,0.9022857142857141
1420,1.88,5.957714285714287
1421,1.4,1.4342857142857135
1422,6.9,5.909142857142858
1423,5.03,5.471428571428572
1424,35.72000122,35.76228573228571
1425,0.32,1.0445714285714285
1426,1.89,1.9400000000000002
1427,7.88,5.885999999999998
1428,4.0,2.9408571428571424
1429,2.43,2.7674285714285705
1430,2.16,1.8768571428571432
1431,9.0,9.425714285714287
1432,24.69,25.10371428571429
1433,13.52,11.097428571428575
1434,6.5,10.617142857142854
1435,36.68999863,36.37428474942857
1436,1.2,1.9299999988285712
1437,3.0,2.9542857142857146
1438,7.0,6.694285714285715
1439,-1.24,4.081428571428572
1440,-0.99,-0.957428571428571
1441,-0.82,-0.6405714285714286
1442,32.54999924,32.72142781114287
1443,3.87,3.805714285714288
1444,14.1,12.677142857142861
1445,6.774267578,7.477932477714285
1446,31.64999962,31.71771387514287
1447,2.64,2.385428571428571
1448,7.5969238279999995,6.936595284571427
1449,3.72,4.80742857142857
1450,0.46,0.6417142857142853
1451,15.91,15.709428571428573
1452,11.29,12.979142857142863
1453,7.71,7.458571428571431
1454,8.4,8.57857142857143
1455,8.58,8.461428571428574
1456,8.04,7.955428571428566
1457,3.3,2.6328571428571417
1458,14.52,8.402857142857142
1459,2.04,2.0348571428571423
1460,4.27,5.235714285714287
1461,13.06,16.824571428571424
1462,32.74000168,33.33857280314285
1463,12.0,11.028571428571428
1464,2.29,3.6002857142857168
1465,25.0,24.65714285714286
1466,7.6,6.172571428571427
1467,3.19,2.4754285714285715
1468,3.75,3.984571428571429
1469,9.63,9.830285714285711
1470,5.18,5.158571428571433
1471,7.88,7.921142857142856
1472,17.27,4.105999999999999
1473,4.41,4.350571428571428
1474,1.93,1.9491428571428575
1475,6.61,7.686571428571428
1476,11.54,11.10771428571429
1477,2.16,2.1565714285714273
1478,15.86,15.824571428571439
1479,9.65,8.292285714285713
1480,5.93,4.612857142857143
1481,10.7,9.060000000000002
1482,2.72,4.933142857142857
1483,6.671435547000001,7.2149762835428595
1484,8.26,5.503428571428572
1485,0.6,0.4960000000000001
1486,2.93,2.262571428571429
1487,6.979931641,7.214976283457141
1488,9.79,8.425428571428572
1489,6.47,4.657428571428572
1490,6.66,6.574571428571426
1491,8.5,7.548857142857144
1492,4.05,8.625142857142855
1493,1.76,1.7471428571428573
1494,30.28000069,30.56142916285712
1495,1.5,1.5097142857142858
1496,4.44,4.586571428571427
1497,37.22000122,34.68999955314287
1498,35.79999924,34.66999996685715
1499,1.72,2.775142857142857
1500,-0.73,1.3631428604571425
1501,3.02,3.1634285714285704
1502,4.14,7.418000000000002
1503,33.06999969,32.953714039714306
1504,5.55,5.606285714285717
1505,1.4,7.593428571428572
1506,5.3,4.070285714285714
1507,8.82816569,8.845633370428569
1508,15.7,14.822857142857139
1509,4.08,4.099428571428572
1510,1.75,1.637142857142857
1511,4.75,5.056857142857145
1512,32.22999954,33.62000058228571
1513,8.19,8.127142857142855
1514,9.45,5.852857142857142
1515,0.5,4.938000000000002
1516,9.74,7.782857142857139
1517,9.94,8.928
1518,5.55,5.041142857142854
1519,0.9,1.294285714285714
1520,11.15,9.146857142857142
1521,-1.85,-2.012571428571429
1522,1.93,1.8142857142857147
1523,7.04,6.997999999999998
1524,7.9,5.69714285714286
1525,3.33,6.3100000000000005
1526,3.0,2.974622442342856
1527,1.32,1.702857139474286
1528,3.61,3.7077142857142853
1529,9.12,10.342285714285714
1530,3.11,3.6762857142857137
1531,8.67,8.67885714285714
1532,0.8,3.917142857142857
1533,1.6,6.718857142857143
1534,1.638468424,1.7432745066571436
1535,6.979931641,7.1246309989142835
1536,6.0,6.645714285714286
1537,31.95000076,33.4114286822857
1538,1.63,1.771428571428571
1539,4.100634766000001,6.7441524834571425
1540,10.0,9.971428571428572
1541,27.14,31.968857142857132
1542,8.16,9.684285714285716
1543,0.72,1.1434285714285717
1544,7.849975586,7.781502278685717
1545,10.0,7.114285714285714
1546,32.52000046,33.083429009999996
1547,8.96,8.662857142857142
1548,3.58,4.273142857142858
1549,7.6,9.086285714285712
1550,13.8,13.604857142857137
1551,4.83,5.0302857142857125
1552,-1.41,0.33228571428571424
1553,2.73,2.7960000000000007
1554,-0.27,1.4139999984000002
1555,3.2,5.260857142857144
1556,8.69,6.598571428571429
1557,16.46,15.640285714285714
1558,7.08,10.818285714285711
1559,1.13,1.5431428571428571
1560,5.7,3.3440000000000003
1561,-0.37,4.274
1562,8.22,8.250285714285715
1563,35.79999924,34.213714186571416
1564,1.25,1.871142857142857
1565,7.61,7.715142857142863
1566,2.05,1.7468571428571422
1567,15.5,12.724
1568,9.77,9.045142857142855
1569,6.19,2.911428571428572
1570,4.78,4.958285714285715
1571,-0.98,0.13342857142857137
1572,7.57,9.168857142857144
1573,7.648339844,7.424044317457144
1574,3.09,7.541142857142857
1575,9.036572266,9.04685546908572
1576,27.06,26.984571428571435
1577,33.75,32.03600011457142
1578,3.1,3.0448571428571416
1579,-0.25,1.290857142857143
1580,5.53,8.360285714285713
1581,3.0,4.140000000000001
1582,3.07,7.056857142857141
1583,14.0,12.485714285714286
1584,12.41,11.477142857142862
1585,6.27,6.328000000000003
1586,11.97,9.126
1587,2.6,2.95542857142857
1588,1.45,3.7962857142857143
1589,5.4,4.8011428604000015
1590,13.0,4.099714285714285
1591,3.8,3.0128571428571416
1592,9.1,9.03714285714286
1593,5.0,5.112857142857142
1594,-0.13,2.7894285722571417
1595,3.29,6.585142857142859
1596,35.75,33.65485690742857
1597,3.3,8.37142857142857
1598,14.18,12.847428571428575
1599,7.6,7.9717142857142855
1600,1.3,1.4468571428571435
1601,4.1,5.199428571428572
1602,2.24,2.2274285714285718
1603,0.43,0.44771428571428556
1604,11.51,5.727428571428573
1605,8.0,8.656285714285719
1606,9.2,6.993714285714285
1607,7.2,7.7791428571428565
1608,0.0,1.0751428571428572
1609,9.96,7.9097142857142835
1610,2.64,2.966571428571428
1611,3.65,4.020857142857145
1612,34.90999985,33.97057146428572
1613,9.49,5.268857142857142
1614,8.23,8.184571428571427
1615,6.07,6.782857142857141
1616,2.56,4.345714285714284
1617,6.79,14.164000000000003
1618,6.8,6.771428571428576
1619,10.1,5.706000000000002
1620,1.56,1.7125714285714289
1621,-0.42,1.7325714285714273
1622,2.9,3.9554285714285706
1623,6.8,6.554857142857144
1624,13.18,13.623142857142861
1625,1.57,1.6942857143142855
1626,5.84,5.830000000000002
1627,-1.16,-1.111714285714286
1628,8.2,8.097999999999995
1629,4.76,6.047428571428572
1630,5.92590332,6.182248883628573
1631,3.73,3.7957142857142854
1632,1.8,1.8279999999999992
1633,6.53,7.1002857142857145
1634,1.75,2.019142857142857
1635,4.79,4.958285714285715
1636,-1.18,-1.2357142857142858
1637,32.06000137,33.40428564857143
1638,7.43,5.0475936206571435
1639,-1.38,-1.380571428571429
1640,7.53,7.124571428571429
1641,7.47,6.9728571428571415
1642,-1.38,-1.2317142857142855
1643,10.63,11.324857142857141
1644,7.36,8.686285714285717
1645,6.06,5.966857142857144
1646,1.82,1.7888571428571431
1647,5.11,4.9925714285714315
1648,3.9,4.5779999999999985
1649,30.87000084,33.56171395542857
1650,2.3,5.3411428571428585
1651,4.03,2.6437142857142857
1652,3.76,2.574857142857143
1653,13.83,14.718
1654,8.3,7.279142857142856
1655,15.57,15.45857142857143
1656,24.93,8.00742857142857
1657,35.22000122,35.19257245685714
1658,2.6,2.95542857142857
1659,6.1,6.469714285714284
1660,6.46,4.754
1661,16.0,4.504857142857141
1662,4.23,4.242285714285715
1663,13.3,8.187142857142854
1664,4.7,3.2717142857142862
1665,6.1,7.7374285714285715
1666,1.9,3.3048571428571436
1667,6.62,6.860000000000001
1668,6.69,7.801714285714284
1669,5.97,10.139999999999995
1670,7.802587891,7.0651353236857135
1671,6.59,6.78342857142857
1672,4.02,5.024
1673,1.75,1.5654285714285716
1674,10.57,10.287714285714282
1675,5.12,16.54137086122857
1676,6.35,5.983142857142854
1677,1.66,2.802
1678,7.61,7.594285714285721
1679,1.5,3.0457142857142854
1680,33.27000046,33.174000387428556
1681,5.36,5.211714285714289
1682,9.31,9.181428571428567
1683,32.06999969,32.16485682514288
1684,-0.53,1.4602857176
1685,2.532446289,3.764829798914286
1686,3.36,1.7834285714285714
1687,6.3,6.085714285714288
1688,0.16,0.8134285714285714
1689,2.29,2.297428571428572
1690,2.15,2.938571433485715
1691,2.02,1.9891428571428578
1692,7.72,7.679428571428573
1693,10.54,10.759428571428572
1694,5.58,7.554571428571427
1695,5.14,4.704857142857141
1696,6.02,5.91457142857143
1697,2.29,3.6002857142857168
1698,14.86,12.699142857142864
1699,1.27,1.2211428571428575
1700,36.11000061,33.474571754285726
1701,11.04,6.452857142857145
1702,1.84,1.9857142857142858
1703,12.59,14.467428571428574
1704,11.29,9.903714285714283
1705,13.39,9.750285714285715
1706,1.4,16.237142857142857
1707,6.46,6.448857142857144
1708,9.93,11.224285712800002
1709,7.6,7.679999999999997
1710,0.47,2.254
1711,1.91,2.0085714285714267
1712,8.57,8.949714285714286
1713,35.68999863,36.02028579542857
1714,4.54,6.12057142857143
1715,3.45,6.109714285714286
1716,2.18,2.095714285714286
1717,147.0,36.367428571428576
1718,10.64,9.729714285714278
1719,10.1,9.835714285714289
1720,10.0,10.085714285714285
1721,7.237011719,8.495983816971428
1722,0.29,0.19714285714285723
1723,21.87,12.486857142857142
1724,58.0,59.91428571428571
1725,2.38,2.384857142857143
1726,5.87,5.718
1727,-0.319999993,25.68428572868572
1728,5.73,6.466
1729,2.27,2.270571428571429
1730,32.54999924,33.07914281057142
1731,3.7,3.3188571428571443
1732,4.04,5.816571384857141
1733,3.9,3.4605714285714297
1734,32.52999878,31.28657141605715
1735,1.32,2.717714285714287
1736,9.610717773,9.601634579171424
1737,34.27000046,34.360286169714264
1738,8.58,8.81857142857143
1739,1.58,1.4100000000000004
1740,5.41,6.151142857142857
1741,7.98,6.039142857142858
1742,6.77,5.977714285714287
1743,31.11000061,32.55628561828572
1744,2.55,3.9185714285714286
1745,18.51,10.070000000000002
1746,2.69,2.688857142857142
1747,-0.25,0.1074285714285715
1748,6.22,7.546857142857142
1749,7.88,8.430285714285713
1750,6.671435547000001,6.690532924199997
1751,6.774267578,6.799241071342856
1752,5.88,5.7079999999999975
1753,3.6,2.974857142857142
1754,4.6,5.702285714285715
1755,1.99,1.8648571428571428
1756,-1.6,-1.6031428571428579
1757,0.63,1.443142857142857
1758,17.69,14.660571428571428
1759,5.82,7.318571428571427
1760,3.95,7.565714285714286
1761,4.74,7.699142857142858
1762,7.54,7.319999999999998
1763,4.39,4.33942857142857
1764,6.85,5.91
1765,15.85,15.594857142857155
1766,2.22,1.1677142857142855
1767,31.95999908,33.02628525114285
1768,0.75,1.3117142857142858
1769,8.3,6.834857142857145
1770,1.4,2.0954285714285716
1771,11.01,7.003428571428571
1772,2.42,1.965142857142857
1773,6.18,5.545714285714285
1774,35.20999908,36.421428684285715
1775,1.34,1.4868571428571435
1776,1.61,1.708
1777,10.0,8.82857142857143
1778,-0.23,0.05971428571428572
1779,9.37,7.034285714285713
1780,2.38,2.0768571428571425
1781,2.72,3.1622857142857135
1782,2.2,2.719714285714287
1783,-1.58,-1.574857142857142
1784,8.95,9.06485714285714
1785,14.27,18.421142857142854
1786,12.02,11.066987165199997
1787,8.74,9.014857142857144
1788,7.93112793,7.9537834819999995
1789,3.44,4.112571428571427
1790,-0.27,2.9091428571428586
1791,37.02999878,34.86399972028571
1792,5.08,5.3714285714285745
1793,6.18,7.0360000000000005
1794,16.85,15.735142857142865
1795,7.13,5.0037142857142864
1796,7.28,6.7777142857142865
1797,3.72,3.865142857142857
1798,9.087988281,9.076970563371427
1799,7.42,7.425428571428568
1800,7.98,7.839999999999998
1801,2.09,2.0828571428571436
1802,6.09,12.96457142857143
1803,5.52,5.572571428571429
1804,3.58,7.837142857142859
1805,18.64,16.40371428571428
1806,8.008251953,8.193349609542858
1807,4.79,5.155999999999999
1808,1.6,1.5857142857142865
1809,1.92,3.157714285714286
1810,3.46,3.8271428571428543
1811,8.51,6.1505714285714275
1812,6.75,5.984285714285714
1813,8.47,6.249714285714284
1814,4.37,6.200285714285715
1815,1.23,1.2294285714285709
1816,1.01,3.6968571428571426
1817,8.4,8.23657142857143
1818,3.8,3.794285714285713
1819,1.89,1.7640000000000005
1820,4.26,4.804285714285713
1821,6.56,6.499428571428573
1822,1.4,4.0131428571428565
1823,33.77000046,33.84514334742856
1824,-1.11,5.0757142857142865
1825,2.72,2.515428571428571
1826,5.42,6.703714285714284
1827,7.86,16.551142857142857
1828,8.07,7.202285714285715
1829,4.06,1.4048571428571424
1830,5.38,4.046571428571429
1831,32.04000092,33.86085740028572
1832,6.05,8.786285714285716
1833,5.79,6.087428571428575
1834,10.57,10.132735072542852
1835,4.0,4.873999999999999
1836,15.74,15.630857142857147
1837,31.15999985,31.62085691399999
1838,2.91,1.7679999999999996
1839,6.578328451,6.88016996877143
1840,3.69,3.8637142857142845
1841,7.0,7.497142857142856
1842,2.18,2.0002857142857144
1843,3.82,3.73885714285714
1844,3.97,3.7554285714285713
1845,14.14,16.277142857142856
1846,33.46,23.472571428571424
1847,2.01,1.5197142857142858
1848,8.79,8.622857142857143
1849,4.8,11.113142857142858
1850,4.2,11.775428571428574
1851,5.07,4.992857142857139
1852,1.86,1.237714285714286
1853,9.16,7.280285714285715
1854,-1.2,13.123142857142852
1855,4.01,4.1328571428571435
1856,2.63,2.7177142857142855
1857,9.42,3.270285714285713
1858,13.61,14.310857142857149
1859,3.43,7.796571428571432
1860,2.1,2.238857142857143
1861,6.47,4.657428571428572
1862,14.1,12.677142857142861
1863,9.51,7.107714285714285
1864,6.72,6.534571428571428
1865,35.29999924,35.33085665285716
1866,32.45999908,31.851142818285716
1867,6.44,6.352285714285713
1868,7.0,12.371428571428572
1869,6.39,8.521142857142857
1870,13.48,13.48057142857143
1871,4.65,4.240857142857144
1872,7.532063802000001,7.66518973211429
1873,-0.77,1.8717142857142859
1874,-0.27,2.9091428571428586
1875,8.008251953,7.972995256600006
1876,9.57644043,9.523555385342853
1877,36.29,34.63257176257142
1878,5.26,5.1908571428571415
1879,10.08,8.606551292799997
1880,5.05,4.86
1881,8.56,9.077142857142858
1882,25.48,25.48000000000001
1883,3.05,2.968285714285715
1884,15.0,13.48
1885,-1.8,-0.2565714285714289
1886,42.81,24.79114285797144
1887,4.82,5.373428571428569
1888,18.42,16.698571428571434
1889,10.0,10.428571428571429
1890,33.20000076,33.81285753190477
1891,6.24,6.4300000000000015
1892,13.69,14.339142857142859
1893,0.9,1.8197142857142847
1894,3.94,4.156857142857141
1895,36.54000092,35.79371421514286
1896,2.7,2.9302857142857146
1897,9.1,5.775999999999999
1898,2.861206055,3.632578822771426
1899,1.55,1.802857142857143
1900,5.99,6.7782857142857145
1901,35.76,34.93485711485713
1902,9.42,9.127142857142859
1903,2.35,2.826285714285714
1904,3.87,3.8205714285714287
1905,1.65,2.0485714285714285
1906,6.28,6.1331428571428575
1907,3.83,3.8019999999999996
1908,33.47999954,33.44885766257143
1909,12.12,11.860857142857146
1910,9.1,6.6547994326571445
1911,35.08000183,35.098287418
1912,-2.23,-2.496857142857143
1913,7.42,7.425428571428568
1914,35.09999847,34.74599878028569
1915,9.99,7.071999999999997
1916,1.1,1.4497142857142864
1917,8.63,7.7382857142857135
1918,15.5,14.299714285714288
1919,3.09,3.2174285714285737
1920,33.08000183,34.21371449171428
1921,4.82,9.912857142857144
1922,1.75,2.019142857142857
1923,2.03,1.5634285714285718
1924,7.54,7.807142857142859
1925,11.96,11.371714285714287
1926,7.8,9.334285714285718
1927,7.4,7.493714285714287
1928,7.21,7.292857142857142
1929,7.0,3.875999999999999
1930,0.2,3.4331428571428573
1931,3.0,2.689714285714286
1932,2.08,2.605714285714285
1933,6.774267578,6.385709403057146
1934,1.5,3.0457142857142854
1935,10.43,10.051428571428575
1936,33.75,35.37571417028571
1937,5.19,5.339428571428572
1938,0.51,1.072285714285714
1939,6.38,6.120571428571426
1940,13.49,10.644
1941,9.91,11.045999999999998
1942,11.0,10.771428571428572
1943,6.72,6.534571428571428
1944,7.61,7.964857142857149
1945,0.0,0.41314285714285715
1946,4.61,4.989142857142856
1947,5.63,7.226857142857142
1948,8.72,8.653428571428574
1949,0.32,0.06514285714285716
1950,4.03,7.5934285714285705
1951,10.55,8.72
1952,1.05,2.318571428571429
1953,10.01,10.414571428571426
1954,35.5,36.325713992857146
1955,0.03,2.6757142857142853
1956,3.5,4.063428571428572
1957,3.47,3.764571428571429
1958,2.79,2.7680000000000016
1959,5.37,5.231828321171428
1960,2.24,7.107428571428571
1961,2.87,2.8794285714285723
1962,31.13999939,31.297999518571416
1963,2.5,2.176285714285714
1964,10.94,6.429142857142857
1965,11.42,6.711142857142859
1966,7.61,6.620000000000001
1967,6.89,6.89628571428571
1968,0.72,0.7868571428571425
1969,2.06,1.7751428571428574
1970,2.54,2.685714285714285
1971,3.73,2.988285714285714
1972,3.77,3.9131428571428564
1973,1.5,3.0457142857142854
1974,7.9,7.838857142857145
1975,9.9,9.654285714285713
1976,6.37,6.070000000000002
1977,4.306298828,5.381566452714287
1978,31.64999962,31.790856771428576
1979,2.37,2.8628571428571425
1980,13.48,13.48057142857143
1981,6.6,6.243714285714282
1982,10.2,8.920000000000002
1983,26.32,25.62400000000002
1984,7.86,7.118857142857141
1985,7.57,8.909142857142857
1986,3.68,4.184571428571431
1987,0.0,0.812857142857143
1988,2.225382487,2.6757824126857135
1989,-0.82,0.9494285714285715
1990,6.697143555,6.758842773742855
1991,4.39,6.511714285714286
1992,1.89,1.9400000000000002
1993,3.63,3.35942857142857
1994,3.67,3.5757142857142865
1995,7.08,6.184000000000002
1996,5.83,5.676857142857142
1997,6.87,6.642571428571428
1998,0.0,4.584
1999,35.91999817,34.85485692714286
2000,0.0,2.808
2001,5.46,6.080000000000001
2002,17.91,18.182
2003,4.67,4.729428571428569
2004,32.59999847,34.46885747457143
2005,-0.21,0.15457142857142858
2006,-0.59,12.755142857142863
2007,6.54,6.818571428571427
2008,2.52,2.3680000000000003
2009,4.19,5.1971428571428575
2010,6.5,6.2451428571428576
2011,9.439534505,9.540148344142857
2012,6.6,6.760857142857138
2013,16.85,16.179142857142853
2014,7.39,7.297714285714287
2015,5.3,5.392571428571429
2016,7.64,7.300622442342853
2017,9.0,19.933142857142858
2018,8.87,6.066857146114284
2019,15.3,12.042285714285706
2020,7.41,5.396000000000001
2021,2.73,2.904571428571429
2022,4.74,7.067714285714286
2023,32.34999847,33.12114159399999
2024,15.5,12.724
2025,7.75,7.872
2026,14.08,11.909714285714283
2027,2.518839518,2.7131047709714275
2028,1.5,1.7414285714285713
2029,5.8,6.283714285714285
2030,7.6,7.632857142857141
2031,-0.29,4.653428571428571
2032,2.62,2.174285714285714
2033,1.39,1.3877142857142861
2034,0.85,1.0659999999999998
2035,7.59,5.943142857142858
2036,2.11,1.9517142857142853
2037,11.39,9.128571428571428
2038,0.5,1.6365714285714288
2039,1.92,2.0162857142857145
2040,1.89,2.1957142857142857
2041,7.25,7.004571428571429
2042,4.32,4.424857142857139
2043,9.561808268,9.248088727371425
2044,5.1,5.465428571428572
2045,0.65,0.9419999999999996
2046,32.40999985,31.555142762857148
2047,3.08,2.6051428571428574
2048,7.8,7.802571428571433
2049,1.73,1.7208571428571429
2050,3.59,3.5317142857142882
2051,32.52999878,33.92971447628571
2052,4.01,4.082571428571429
2053,1.7,2.2851428571428576
2054,34.91999817,34.85771260400001
2055,2.3,2.3779999999999997
2056,8.48,7.360857142857146
2057,4.94,4.886285714285713
2058,6.44,7.143999999999998
2059,0.04,-0.18457142857142858
2060,36.36000061,36.13514363714286
2061,1.59,1.8365714285714283
2062,119.0,99.17142857142858
2063,4.49,3.897142857695237
2064,7.79,7.774000000000001
2065,11.0,10.914285714285715
2066,0.61,0.5617142857142855
2067,7.55,8.581142857142854
2068,4.82,5.171999999999996
2069,0.0,1.1845714285714288
2070,4.65,4.817714285714288
2071,6.42,7.945428571428569
2072,2.24,1.6782857142857146
2073,7.68,7.421428571428576
2074,0.83,0.735142857142857
2075,13.75,11.179428571428572
2076,4.07,4.088285714285711
2077,33.20999908,33.804571371428565
2078,16.11,10.224857142857145
2079,6.42,7.945428571428569
2080,0.57,0.6485714285714288
2081,1.24,2.2188571428571424
2082,4.07,4.19
2083,6.7,2.640857142857142
2084,6.0,6.816908156628573
2085,0.32,0.06514285714285716
2086,14.25,12.259999999999998
2087,34.36999893,34.329713329428564
2088,11.45,10.295142857142853
2089,10.13,10.05142857142857
2090,5.73,6.799999999999999
2091,2.4,2.0574285714285714
2092,0.51,1.072285714285714
2093,2.31,1.822857142857143
2094,6.85,5.9891428571428555
2095,1.35,5.320857142857144
2096,7.17,5.1502857142857135
2097,0.16,2.257714285714286
2098,5.53,5.258285714285716
2099,5.0,7.714285714285714
2100,0.7,0.9219999999999995
2101,2.0,2.005714282314285
2102,-1.62,-1.693428571428572
2103,3.01,3.4422857142857155
2104,15.56,14.672000000000002
2105,4.61,6.572571428571426
2106,15.56,14.781142857142859
2107,1.23,1.2294285714285709
2108,13.36,13.358
2109,6.877099609,6.709630301314284
2110,4.1,3.9828571428571404
2111,-0.25,0.015664341514285723
2112,3.01,2.292
2113,2.24,2.1351428571428577
2114,5.9,6.717714285714286
2115,11.2,10.27885714285714
2116,13.96,12.535142857142858
2117,3.74,3.8371428571428567
2118,1.83,1.5559999999999998
2119,-0.42,1.7325714285714273
2120,1.89,1.8728571428571432
2121,2.85,2.793999999999999
2122,6.157275391000001,6.7647188896571455
2123,6.69,7.801714285714284
2124,11.69999981,1.8536506331428573
2125,33.56000137,33.508001161142865
2126,1.7,1.9228571428571435
2127,4.06,3.591714285714286
2128,13.0,12.657142857142857
2129,6.24,6.406285714285716
2130,7.86,7.866571428571435
2131,-0.14,0.661142857142857
2132,3.26,3.1557142857142866
2133,6.82,7.178857142857139
2134,3.94,4.536571428571428
2135,4.28,3.874857142857143
2136,0.44,1.122285714285714
2137,-0.07,0.16285714285714284
2138,8.908032227,8.928598633228571
2139,4.26,4.804285714285713
2140,2.88,4.090857142857143
2141,7.54,7.433714285714283
2142,4.84,5.452000000000003
2143,15.0,14.82857142857143
2144,6.877099609,7.110067801342859
2145,10.42,9.866285714285716
2146,8.6,8.820000000000002
2147,40.01,21.11818875802858
2148,7.4,7.360857142857146
2149,19.73,17.145428571428578
2150,1.49,3.7162857142857124
2151,8.7,8.536
2152,7.905419922,7.592516741085713
2153,4.0,3.205714285714286
2154,1.02,1.2851428571428574
2155,3.36,3.1677142857142853
2156,8.25,5.715428571428571
2157,9.4,6.029142857142856
2158,-1.05,-0.939428571428572
2159,5.3,1.1322857142857143
2160,33.70000076,34.13657100114285
2161,5.3,7.059714285714287
2162,8.59,7.540571428571429
2163,19.47,19.119428571428582
2164,14.65,15.927428571428573
2165,1.67,1.771428571428571
2166,7.17,7.4731428571428555
2167,4.32,5.438
2168,15.65,14.243428571428572
2169,13.0,20.65714285714286
2170,3.91,2.3268571428571425
2171,7.288427734,6.8242145648571455
2172,33.02000046,32.87200045142856
2173,11.46,9.252857142857142
2174,4.0,2.3917142857142863
2175,2.6,3.9962857142857118
2176,4.12,4.099428571428571
2177,1.81,1.6354285714285717
2178,2.78,2.818857142857144
2179,3.46,3.8582857142857123
2180,9.87,9.578000000000003
2181,1.62,1.9851428571428564
2182,3.27,3.003142857142857
2183,4.38,4.321428571428569
2184,5.4,2.152857142857143
2185,4.12,4.288
2186,6.75,7.594285714285713
2187,6.38,6.248571428571428
2188,1.1,1.8657142857142852
2189,2.25,2.6202857142857137
2190,4.54,6.98
2191,4.94,9.198285714285715
2192,-2.0,-1.909142857142857
2193,5.59,4.191142857142859
2194,8.95,7.390285714285714
2195,8.44,11.139428571428573
2196,7.8,8.46142857142857
2197,6.09,12.96457142857143
2198,28.75,27.94428571428571
2199,1.11,1.4322857142857142
2200,6.157275391000001,7.200829845685713
2201,1.5,1.7768571433999993
2202,5.05,4.972000000000001
